"","cw_name","cw_source_name","cw_status","source_category","cw_use","water_treatment_type","water_treatment_location","organization_concerns","watershed_area","og_watershed_area","prot_og_watershed_area","og_percentage","prot_percentage","at_risk_area","perc_at_risk","name","pop_2000","first_nation_bc_name","preferred_name"
"1","Spring Community Watershed","Spring Creek","DESIGNATED","SW","YES",NA,"NOT SPECIFIED",NA,33.9475097312696,0,0,0,0,0,0,NA,NA,NA,NA
"2","Capilano Community Watershed","Capilano River","DESIGNATED","SW","PRIMARY","Disinfection & filtration","TREATMENT FACILITY",NA,17434.8423235302,7893.32119992475,3.2835456424417,45.27,0.02,7890.0376542823,45.25,NA,NA,NA,NA
"3","Hendryx Community Watershed","Hendryx Creek","DESIGNATED","SW","PRIMARY","Disinfection","INTAKE","Turbidity, organics/THMs",522.901573356172,50.3516296727743,31.9573634147208,9.63,6.11,18.3942662580535,3.52,NA,NA,NA,NA
"4","Knox Community Watershed","Knox Creek","DESIGNATED","SW & GW (GUDI)","PRIMARY","NONE","NO TREATMENT",NA,7.18380850000046,0,0,0,0,0,0,NA,NA,NA,NA
"5","Macaulay Community Watershed","Macaulay Creek","DESIGNATED","SW","PRIMARY","Disinfection x2","INTAKE","Turbidity",1383.26847680004,54.2460824421638,44,3.92,3.18,10.2460824421638,0.74,NA,NA,NA,NA
"6","Mads Community Watershed","Mads Brook","DESIGNATED","SW","PRIMARY","None","NO TREATMENT",NA,42.426313637528,0,0,0,0,0,0,NA,NA,NA,NA
"7","Wiseman Community Watershed","Wiseman Creek","DESIGNATED - REVIEW","GW","OTHER SOURCE","Disinfection","WELL",NA,529.283968256395,43.4063562280422,0,8.2,0,43.4063562280422,8.2,"Sicamous",3145,NA,NA
"8","Charters Community Watershed","Charters River","DESIGNATED - REVIEW","SW (Other CW)","OTHER SOURCE",NA,NA,NA,1926.51876838099,2.18015895779915,2.18015895779841,0.11,0.11,7.45181694128405e-13,0,NA,NA,NA,NA
"9","Mckelvie Community Watershed","McKelvie Creek","DESIGNATED","SW","PRIMARY",NA,NA,NA,2111.17353531441,983.83269842914,110,46.6,5.21,873.83269842914,41.39,NA,NA,NA,NA
"10","Anderson Community Watershed","Anderson Creek","DESIGNATED","SW","PRIMARY","Disinfection & filtration","TREATMENT FACILITY","Turbidity",1308.68834749976,0,0,0,0,0,0,NA,NA,NA,NA
"11","Station Community Watershed","Station Creek","DESIGNATED","SW","PRIMARY","Disinfection & filtration","TREATMENT FACILITY",NA,1002.10213146911,45.8591992929459,36.8591992929474,4.58,3.68,8.99999999999851,0.9,NA,NA,NA,NA
"12","Axe Community Watershed","Axe Creek","DESIGNATED - REVIEW","GW","OTHER SOURCE",NA,NA,NA,215.171909850021,0,0,0,0,0,0,NA,NA,NA,NA
"13","Virginia Community Watershed","Virginia Brook","DESIGNATED - REVIEW","GW","OTHER SOURCE","NONE","NO TREATMENT",NA,5.22396778749786,0,0,0,0,0,0,NA,NA,NA,NA
"14","Bird Community Watershed","Bird Creek","DESIGNATED - REVIEW","GW","OTHER SOURCE","Disinfection & filtration",NA,NA,23.5596197562564,0,0,0,0,0,0,NA,NA,NA,NA
"15","Troll Community Watershed","Troll Creek","DESIGNATED","SW","PRIMARY","NONE","NO TREATMENT","Turbidity",8.34277729372978,0,0,0,0,0,0,NA,NA,NA,NA
"16","Dutchman Community Watershed","Dutchman Creek","DESIGNATED - REVIEW","ABANDONED","ABANDONED","NONE","NO TREATMENT",NA,3.10454229375185,0,0,0,0,0,0,NA,NA,NA,NA
"17","Mcnair Community Watershed","McNair Creek","DESIGNATED - REVIEW","Unknown","OTHER SOURCE","NONE","NO TREATMENT",NA,1840.23469046226,485.611190492818,153.013320321014,26.39,8.31,332.597870171804,18.07,NA,NA,NA,NA
"18","Agnew Community Watershed","Agnew Creek","DESIGNATED","SW (other CW)","EMERGENCY BACKUP",NA,NA,NA,35.5667368687494,17.2606914280161,8.65465772166103,48.53,24.33,8.6060337063551,24.2,NA,NA,NA,NA
"19","Rim Rock Community Watershed","Rim Rock Creek","DESIGNATED","GW","OTHER SOURCE",NA,NA,NA,29.2821112500019,0,0,0,0,0,0,NA,NA,NA,NA
"20","Brook Community Watershed","Brook Creek","DESIGNATED","SW","PRIMARY","NONE","NO TREATMENT","Range use, forestry",3009.44835019346,170.668470545867,22,5.67,0.73,148.668470545867,4.94,NA,NA,NA,NA
"21","Mashiter Community Watershed",NA,"DESIGNATED","GW & SW","SECONDARY","Disinfection","INTAKE","Recreation, industry, wildlife",4151.49863867647,270.514823791863,169.961810621261,6.52,4.09,100.553013170603,2.42,"Squamish",15357,NA,NA
"22","Hydraulic Community Watershed","Hydraulic Creek","DESIGNATED","SW","PRIMARY","Disinfection","INTAKE","Forestry, range use, recreation",9379.24778342073,758.914685922339,183.13914168931,8.09,1.95,575.775544233029,6.14,NA,NA,NA,NA
"23","Ball Park Community Watershed","Ball Park Creek","DESIGNATED - REVIEW","Unknown","OTHER SOURCE",NA,NA,NA,928.134258650218,50.9999506108999,17.9999506109041,5.49,1.94,32.9999999999958,3.56,NA,NA,NA,NA
"24","George Community Watershed","George Creek","DESIGNATED","SW","PRIMARY","Disinfection & filtration","TREATMENT FACILITY","Water quantity",469.586428149946,0,0,0,0,0,0,NA,NA,NA,NA
"25","Mccullock Creek Community Watershed","McCullock Creek","DESIGNATED","SW (other) & SW (CW)","SECONDARY","Disinfection x2","INTAKE",NA,333.705875875041,0,0,0,0,0,0,NA,NA,NA,NA
"26","Goudie Community Watershed","Goudie Creek","DESIGNATED","SW","PRIMARY","Disinfection x2 & filtration x2","INTAKE","Forestry",66.7506100937562,0,0,0,0,0,0,NA,NA,NA,NA
"27","Dry Gulch Community Watershed","Dry Gulch Creek","DESIGNATED","SW","PRIMARY",NA,"NOT SPECIFIED",NA,447.647534062336,0,0,0,0,0,0,NA,NA,NA,NA
"28","Pooley Community Watershed","Pooley Creek","DESIGNATED","SW","PRIMARY","Disinfection","INTAKE","Forestry, range use, recreation",1868.62028386953,70.3744414944485,35.548985073483,3.77,1.9,34.8254564209655,1.86,NA,NA,NA,NA
"29","Thulin Lake Community Watershed","Thulin Lake","DESIGNATED","SW","PRIMARY","Disinfection","TREATMENT FACILITY","Forestry, range use",688.787173693672,0,0,0,0,0,0,NA,NA,NA,NA
"30","Josephine Community Watershed","Josephine Creek","DESIGNATED","SW","PRIMARY",NA,"NOT SPECIFIED",NA,177.120556193677,0,0,0,0,0,0,NA,NA,NA,NA
"31","Haggard Lake Community Watershed","Haggard Lake","DESIGNATED","SW","PRIMARY",NA,NA,NA,18.2840128625073,1.21852377585564,0,6.66,0,1.21852377585564,6.66,NA,NA,NA,NA
"32","Domitian Creek Community Watershed","Domitian Creek","DESIGNATED - REVIEW","GW","OTHER SOURCE",NA,NA,NA,169.424363812441,0,0,0,0,0,0,NA,NA,NA,NA
"33","Desmond Community Watershed","Desmond Brook","DESIGNATED - REVIEW","ABANDONED","ABANDONED","NONE","NO TREATMENT",NA,3.57063591875541,0,0,0,0,0,0,NA,NA,NA,NA
"34","Clinton Community Watershed","Clinton Creek","DESIGNATED","SW","PRIMARY","Disinfection & filtration","TREATMENT FACILITY",NA,6629.96207470153,1195.82077168289,592.070926393308,18.04,8.93,603.749845289582,9.11,NA,NA,NA,NA
"35","Cranby Community Watershed","Cranby Creek","DESIGNATED","SW","PRIMARY","Disinfection","TREATMENT FACILITY","Not specified",889.857154587437,18.3493859017763,4.93890952551737e-05,2.06,0,18.349336512681,2.06,NA,NA,NA,NA
"36","John Brown Community Watershed","John Brown Creek","DESIGNATED - REVIEW","SW (other CW)","OTHER SOURCE",NA,"NOT SPECIFIED",NA,7948.66930710644,1055.24038041028,188.815435043713,13.28,2.38,866.424945366566,10.9,NA,NA,NA,NA
"37","King Edward (Deer) Community Watershed","Deer Creek","DESIGNATED - REVIEW","SW (other CW) & SW (CW)","IRRIGATION","NONE","NO TREATMENT","Forestry, range use, recreation, urban and rural development, highway",2030.87807242442,218.945108042301,0,10.78,0,218.945108042301,10.78,NA,NA,NA,NA
"38","Blunt Community Watershed","Blunt Creek","DESIGNATED","SW","PRIMARY","Disinfection & filtration","TREATMENT FACILITY","Forestry, water quantity, turbidity, mining",7.32279415000156,0,0,0,0,0,0,NA,NA,NA,NA
"39","Cohen Community Watershed","Cohen Creek","DESIGNATED","SW","PRIMARY","Disinfection","INTAKE",NA,59.7569754124707,19.8178181302346,1.77211795491967,33.16,2.97,18.045700175315,30.2,NA,NA,NA,NA
"40","Jefferd Community Watershed","Jefferd Creek","DESIGNATED","SW","PRIMARY","Disinfection","TREATMENT FACILITY","Forestry, gravel pit",315.503606031409,0,0,0,0,0,0,NA,NA,NA,NA
"41","Rideau Community Watershed","Rideau Brook","DESIGNATED","SW (other CW) & SW (CW)","EMERGENCY BACKUP/FUTURE SOURCE/FIREFIGHTING",NA,NA,NA,67.6469160250373,15.072464265405,0,22.28,0,15.072464265405,22.28,NA,NA,NA,NA
"42","Corning Community Watershed","Corning Creek","DESIGNATED","Unknown","OTHER SOURCE",NA,"NOT SPECIFIED",NA,3061.76620539428,134.814883968352,61,4.4,1.99,73.8148839683521,2.41,NA,NA,NA,NA
"43","Malachan Community Watershed","Malachan Creek","DESIGNATED","SW (other)","EMERGENCY BACKUP",NA,"NOT SPECIFIED",NA,280.527122481524,22.327946438786,7.52752867930532,7.96,2.68,14.8004177594807,5.28,NA,NA,NA,NA
"44","Montizambert Community Watershed","Montizambert Creek","DESIGNATED","SW","PRIMARY","Filtration","TREATMENT FACILITY","Water quantity, turbidity",384.742103450089,176.490835766035,176.486100918634,45.87,45.87,0.00473484740106755,0,NA,NA,NA,NA
"45","Harvey Community Watershed","Harvey Creek","DESIGNATED","SW","PRIMARY","Disinfection x2","TREATMENT FACILITY","Water quantity, debris/slides",634.958730375076,104.89329165144,49.1253153833654,16.52,7.74,55.7679762680745,8.78,NA,NA,NA,NA
"46","Ten Link Community Watershed","Ten Link Creek","DESIGNATED","GW (GUDI)","PRIMARY - GUDI in CW","NONE","NO TREATMENT",NA,718.446164381159,83.4291742076381,20.4558618791594,11.61,2.85,62.9733123284787,8.77,NA,NA,NA,NA
"47","Rosswood(Clear Cr) Community Watershed","Carlota Creek","DESIGNATED - REVIEW","SW","IRRIGATION","Unknown",NA,NA,1293.50029969377,19.3652572256733,0,1.5,0,19.3652572256733,1.5,NA,NA,NA,NA
"48","Edand Community Watershed","Edand Creek","DESIGNATED","SW","PRIMARY",NA,"NOT SPECIFIED",NA,185.992972387391,92.5071937312648,0,49.74,0,92.5071937312648,49.74,NA,NA,NA,NA
"49","East Canoe Community Watershed","East Canoe Creek","DESIGNATED","SW","PRIMARY","Disinfection x2","TREATMENT FACILITY","Mining",1988.26422387529,470.070876786804,411.028307476997,23.64,20.67,59.0425693098068,2.97,NA,NA,NA,NA
"50","Eagle Community Watershed","Eagle Creek","DESIGNATED","SW","PRIMARY",NA,"NOT SPECIFIED",NA,573.500942193645,103.174696858834,49,17.99,8.54,54.1746968588337,9.45,NA,NA,NA,NA
"51","Twin Bays Community Watershed","Twin Bays Creek","DESIGNATED","GW","OTHER SOURCE",NA,NA,NA,1136.30013104313,57.4594447375724,0,5.06,0,57.4594447375724,5.06,NA,NA,NA,NA
"52","Elbow Community Watershed","Elbow Creek","DESIGNATED","SW","PRIMARY","unknown",NA,NA,878.441971043757,121.114351806961,54.1206449887763,13.79,6.16,66.9937068181843,7.63,NA,NA,NA,NA
"53","Thunderbird Community Watershed","Thunderbird Creek","DESIGNATED","SW","PRIMARY",NA,"NOT SPECIFIED",NA,118.172904599966,0,0,0,0,0,0,NA,NA,NA,NA
"54","Mossom Community Watershed","Mossom Creek","DESIGNATED","SW","PRIMARY",NA,NA,NA,168.815678881215,0.49213537023589,0.468199183857814,0.29,0.28,0.0239361863780767,0.01,NA,NA,NA,NA
"55","Mckinney Community Watershed","McKinney Creek","DESIGNATED","GW (GUDI) & SW","PRIMARY - GUDI in CW","Disinfection x2  & filtration","TREATMENT FACILITY","Range use, water quantity",813.531295956134,24,12,2.95,1.48,12,1.48,NA,NA,NA,NA
"56","Weetman Community Watershed","Weetman Creek","DESIGNATED - REVIEW","SW","PRIMARY",NA,NA,NA,359.28661643115,0,0,0,0,0,0,NA,NA,NA,NA
"57","Denham Community Watershed","Denham Brook","DESIGNATED","SW","PRIMARY",NA,"NOT SPECIFIED",NA,46.922272993739,0,0,0,0,0,0,NA,NA,NA,NA
"58","Parent Creek Community Watershed","Parent Creek","DESIGNATED","SW","YES",NA,"NOT SPECIFIED",NA,34.5090409874538,0,0,0,0,0,0,NA,NA,NA,NA
"59","Robinson Community Watershed","Robinson Creek","DESIGNATED","SW (other)","EMERGENCY BACKUP","Disinfection x2","TREATMENT FACILITY",NA,1941.6207478745,216.188669072488,102.458689005624,11.13,5.28,113.729980066864,5.86,NA,NA,NA,NA
"60","Cupola Community Watershed","Cupola Creek","DESIGNATED","SW","PRIMARY","Filtration","POE/POU","Forestry, water quantity",214.923524199857,15.6252740995312,15.625274099532,7.27,7.27,-7.44293515708705e-13,0,NA,NA,NA,NA
"61","Deiner Community Watershed","Deiner Creek","DESIGNATED - REVIEW","SW (other CW)","OTHER SOURCE",NA,NA,NA,23.7190987375034,0.336797398398723,0.336797398398723,1.42,1.42,0,0,NA,NA,NA,NA
"62","Engineers Community Watershed","Engineers Creek","DESIGNATED - REVIEW","Unknown","IRRIGATION",NA,"NOT SPECIFIED",NA,23.7818305687584,11.1678215757791,9.1678215757791,46.96,38.55,2,8.41,NA,NA,NA,NA
"63","Angel Community Watershed","Angel Creek","DESIGNATED","SW","PRIMARY","NONE","NO TREATMENT","Debris/slides, bacteria",7.06197884374335,0,0,0,0,0,0,NA,NA,NA,NA
"64","Stormy Community Watershed","Stormy Creek","DESIGNATED","SW","PRIMARY","Disinfection & filtration","INTAKE","Forestry, water quantity",4.88447581874896,0,0,0,0,0,0,NA,NA,NA,NA
"65","Mortimer Community Watershed","Mortimer Creek","DESIGNATED","SW","PRIMARY","Filters and Chlorine","NOT SPECIFIED",NA,50.8627996375353,0,0,0,0,0,0,NA,NA,NA,NA
"66","Brooks Community Watershed","Brooks Creek","DESIGNATED","GW (GUDI)","PRIMARY - GUDI in CW","Disinfection","TREATMENT FACILITY","Turbidity",5.3915778625017,0.0811653044871986,0,1.51,0,0.0811653044871986,1.51,NA,NA,NA,NA
"67","Town Community Watershed","Town Creek","DESIGNATED","SW (other) & GW (GUDI) ","EMERGENCY BACKUP","Disinfection x2 & Filtration","TREATMENT FACILITY","Forest fire",1199.90602758746,8.26526270675929,5.26526270675929,0.69,0.44,3,0.25,"Lillooet",2987,NA,NA
"68","Hudson Community Watershed","Hudson Creek","DESIGNATED - REVIEW","SW (other)","OTHER SOURCE",NA,NA,"Not specified",438.164868818816,0,0,0,0,0,0,NA,NA,NA,NA
"69","Affleck Community Watershed","Affleck Creek","DESIGNATED","SW","PRIMARY","Disinfection","INTAKE","Forestry, range use, recreation",372.692890637467,31.2330969559073,20,8.38,5.37,11.2330969559073,3.01,NA,NA,NA,NA
"70","Newcastle Community Watershed","Newcastle Creek","DESIGNATED","SW","PRIMARY","Disinfection","INTAKE","Forestry",911.729926481236,363.512783349103,138.032025200603,39.87,15.14,225.4807581485,24.73,NA,NA,NA,NA
"71","Guild Community Watershed","Guild Creek","DESIGNATED","GW (GUDI)","PRIMARY - GUDI in CW","Disinfection x2","POE/POU","Bacteria",29.5840612062617,0,0,0,0,0,0,NA,NA,NA,NA
"72","One & One Quarter Community Watershed","One & One Quarter Mile Creek","DESIGNATED","SW","PRIMARY","Disinfection & filtration","TREATMENT FACILITY","Turbidity, firewood cutting",87.126287881245,0,0,0,0,0,0,NA,NA,NA,NA
"73","Dominion Community Watershed","Dominion Creek","DESIGNATED","SW","PRIMARY","Disinfection x2","TREATMENT FACILITY",NA,1005.71784839965,101.088327608867,0,10.05,0,101.088327608867,10.05,NA,NA,NA,NA
"74","Drachmann Community Watershed","Drachmann Brook","DESIGNATED","SW","PRIMARY","Disinfection x2 & filtration","INTAKE","Turbidity",26.9053820625067,0,0,0,0,0,0,NA,NA,NA,NA
"75","Mission Community Watershed","Mission Creek","DESIGNATED","SW","PRIMARY","Disinfection & filtration","TREATMENT FACILITY","Range use, recreation, debris/slides",60152.5150877857,10403.256022736,3552.20654430032,17.29,5.91,6851.04947843566,11.39,NA,NA,NA,NA
"76","Kleanza(Singlehurst) Community Watershed","Singlehurst Creek","DESIGNATED","SW","PRIMARY",NA,"NOT SPECIFIED",NA,1482.82720451883,128.907723631614,0,8.69,0,128.907723631614,8.69,NA,NA,NA,NA
"77","Optimist Community Watershed","Optimist Creek","DESIGNATED - REVIEW","ABANDONED","ABANDONED",NA,"NOT SPECIFIED",NA,95.4532913249536,0,0,0,0,0,0,NA,NA,NA,NA
"78","Davis Community Watershed","Davis Creek","DESIGNATED - REVIEW","GW","OTHER SOURCE",NA,"NOT SPECIFIED",NA,6290.71947986939,1318.6928403894,173,20.96,2.75,1145.6928403894,18.21,NA,NA,NA,NA
"79","Vernon Community Watershed","Vernon Creek","DESIGNATED","Unknown","OTHER SOURCE",NA,NA,"Forestry roads",8567.88908211998,846.095492482086,160.202744572544,9.88,1.87,685.892747909542,8.01,NA,NA,NA,NA
"80","Klim Community Watershed","Klim Brook","DESIGNATED","SW","PRIMARY",NA,"NOT SPECIFIED",NA,4.33536434374899,0,0,0,0,0,0,NA,NA,NA,NA
"81","Honna River Community Watershed","Honna River","DESIGNATED","SW","PRIMARY","Disinfection x2 & DAF & filtration","TREATMENT FACILITY","Forestry",4734.14017631449,1176.29049562099,1.67726333536077,24.85,0.04,1174.61323228563,24.81,NA,NA,NA,NA
"82","Shingle Community Watershed","Shingle Creek","DESIGNATED","GW","EMERGENCY BACKUP","Disinfection","TREATMENT FACILITY",NA,4559.93378798735,393.640600973596,239.79124806999,8.63,5.26,153.849352903606,3.37,NA,NA,NA,NA
"83","Teetzel Community Watershed","Teetzel Creek","DESIGNATED","SW","PRIMARY","Disinfection","POE/POU",NA,701.305939225034,20,0,2.85,0,20,2.85,NA,NA,NA,NA
"84","Community Creek Community Watershed","Community Creek","DESIGNATED","SW","PRIMARY",NA,"NOT SPECIFIED",NA,80.4742096874813,0,0,0,0,0,0,NA,NA,NA,NA
"85","Two Mile Community Watershed","Two Mile Creek","DESIGNATED","SW","PRIMARY","Disinfection & filtration","TREATMENT FACILITY",NA,2157.87887785037,51.3709675297922,26,2.38,1.2,25.3709675297922,1.18,NA,NA,NA,NA
"86","China Community Watershed","China Creek","DESIGNATED","SW","PRIMARY","Disinfection x2","TREATMENT FACILITY",NA,5750.41642043728,110.513404757386,0,1.92,0,110.513404757386,1.92,NA,NA,NA,NA
"87","Mercantile Community Watershed","Mercantile Creek","DESIGNATED","SW & GW","PRIMARY","Disinfection x2","TREATMENT FACILITY","Forestry, water quantity, debris/slides",1142.52860501223,1,0,0.09,0,1,0.09,NA,NA,NA,NA
"88","Andrews Community Watershed","Andrews Creek","DESIGNATED - REVIEW","GW (GUDI non-CW)","OTHER SOURCE","Disinfection","WELL",NA,125.905105712516,16.1796979310229,15.1436582944319,12.85,12.03,1.03603963659098,0.82,NA,NA,NA,NA
"89","Stocking Lake Community Watershed","Stocking Creek","DESIGNATED","SW","PRIMARY","Disinfection","INTAKE",NA,190.12109927505,0,0,0,0,0,0,NA,NA,NA,NA
"90","Gibbs Community Watershed","Gibbs Brook","DESIGNATED - REVIEW","GW","OTHER SOURCE",NA,NA,NA,24.5552795125186,0,0,0,0,0,0,NA,NA,NA,NA
"91","Martin Community Watershed","Martin River","DESIGNATED","SW","PRIMARY","Disinfection x2 & filtration","TREATMENT FACILITY","Water quantity",2204.10580247797,511.719557678764,511.719557678762,23.22,23.22,1.93267624126747e-12,0,NA,NA,NA,NA
"92","Gitzyon Community Watershed","Gitzyon Creek","DESIGNATED","SW","PRIMARY","Disinfection & filtration","TREATMENT FACILITY","Turbidity",2161.51378123129,0,0,0,0,0,0,NA,NA,NA,NA
"93","Drake Community Watershed","Drake Creek","DESIGNATED - REVIEW","Unknown","OTHER SOURCE",NA,NA,NA,144.338804193731,0,0,0,0,0,0,NA,NA,NA,NA
"94","Ginnard Community Watershed","Ginnard Creek","DESIGNATED","SW","PRIMARY","Disinfection & DAF & Filtration","TREATMENT FACILITY","Water quantity",265.648156242867,139.631252074872,0,52.56,0,139.631252074872,52.56,NA,NA,NA,NA
"95","Bastion Community Watershed","Bastion Creek","DESIGNATED","SW","YES",NA,NA,NA,1134.61014794382,152.688942726698,52,13.46,4.58,100.688942726698,8.87,NA,NA,NA,NA
"96","Chute Community Watershed","Chute Creek","DESIGNATED","SW (other)","EMERGENCY BACKUP","Unknown","NOT SPECIFIED",NA,1888.80245775584,115.302133742316,65.0338957603247,6.1,3.44,50.268237981991,2.66,NA,NA,NA,NA
"97","Nevin Community Watershed","Nevin Creek","DESIGNATED","GW","EMERGENCY BACKUP","Disinfection","WELL","Forestry",579.358634993723,228.829967019388,224.45578708796,39.5,38.74,4.37417993142867,0.76,NA,NA,NA,NA
"98","Silver Community Watershed","Silver Creek","DESIGNATED","SW","PRIMARY",NA,"NOT SPECIFIED",NA,5.14204545625011,0,0,0,0,0,0,NA,NA,NA,NA
"99","Bridge Community Watershed","Bridge Creek","DESIGNATED","SW (other CW)","EMERGENCY BACKUP","NONE","NO TREATMENT",NA,425.298897206305,0,0,0,0,0,0,NA,NA,NA,NA
"100","Newman Creek Community Watershed","Newman Creek","DESIGNATED","SW","PRIMARY",NA,"NOT SPECIFIED",NA,180.627225662497,69.32293346183,38.9697311269164,38.38,21.57,30.3532023349136,16.8,NA,NA,NA,NA
"101","Luxor Community Watershed","Luxor Creek","DESIGNATED","SW","PRIMARY",NA,"NOT SPECIFIED",NA,9287.58624091394,772.448811848101,169.346102833494,8.32,1.82,603.102709014607,6.49,NA,NA,NA,NA
"102","Duteau Community Watershed","Duteau Creek","DESIGNATED","SW & GW","PRIMARY","Disinfection & DAF & filtration","TREATMENT FACILITY",NA,21275.3642431632,1879.68534859859,815.522823222366,8.84,3.83,1064.16252537623,5,"Lumby",1796,NA,NA
"103","Peq Community Watershed","Peq Creek","DESIGNATED - REVIEW","GW","OTHER SOURCE","Disinfection","WELL",NA,823.856413318612,66.7622827303027,7.09366372893527,8.1,0.86,59.6686190013675,7.24,NA,NA,NA,NA
"104","Sunshine Community Watershed","Sunshine Creek","DESIGNATED","SW","PRIMARY","unknown","NOT SPECIFIED",NA,138.620030424985,8.7658402046239,8.7658402046239,6.32,6.32,0,0,NA,NA,NA,NA
"105","Mcfarland Community Watershed","Bainbridge Lake","DESIGNATED","SW","PRIMARY","Disinfection x2","TREATMENT FACILITY",NA,1236.51628514983,0,0,0,0,0,0,NA,NA,NA,NA
"106","Dale Community Watershed","Dale Creek","DESIGNATED","GW (GUDI)","PRIMARY - GUDI in CW","Disinfection & Iron/Manganese","TREATMENT FACILITY","Pipeline, fracking, mining",908.242508762439,114.229572032885,0,12.58,0,114.229572032885,12.58,NA,NA,NA,NA
"107","Gossen Community Watershed","Skovsen Brook","DESIGNATED","SW","PRIMARY",NA,"NOT SPECIFIED",NA,89.9123218437553,26.4364215636626,0,29.4,0,26.4364215636626,29.4,NA,NA,NA,NA
"108","Anderson Community Watershed","Anderson Creek","DESIGNATED","SW","YES",NA,"NOT SPECIFIED",NA,262.942588303799,238.343156306559,0,90.64,0,238.343156306559,90.64,NA,NA,NA,NA
"109","Kelowna Community Watershed","Kelowna Creek","DESIGNATED","SW & GW","PRIMARY","Disinfection","INTAKE",NA,7656.5497749502,944.049818842013,261.624703809387,12.33,3.42,682.425115032626,8.91,NA,NA,NA,NA
"110","Glanzier Community Watershed","Glanzier Creek","DESIGNATED","SW","PRIMARY","NONE","NO TREATMENT","Turbidity",849.521328431176,18,8,2.12,0.94,10,1.18,NA,NA,NA,NA
"111","Nelson Community Watershed","Nelson Creek","DESIGNATED","GW (GUDI)","PRIMARY - GUDI in CW","NONE","NO TREATMENT",NA,1200.32646529364,45.0191245666185,30,3.75,2.5,15.0191245666185,1.25,NA,NA,NA,NA
"112","Heart Community Watershed","Heart Creek","DESIGNATED","SW","PRIMARY","Disinfection & basic filtration","INTAKE","Turbidity",2627.96889031192,198.360887773097,73.2957192783054,7.55,2.79,125.065168494791,4.76,NA,NA,NA,NA
"113","Norns Community Watershed","Norns Creek","DESIGNATED","SW","PRIMARY",NA,"NOT SPECIFIED",NA,20242.9213804903,2031.45375570028,546.357397100227,10.04,2.7,1485.09635860006,7.34,NA,NA,NA,NA
"114","Mcdermid Community Watershed","McDermid Creek","DESIGNATED","SW","PRIMARY","NONE","NO TREATMENT","Bacteria",761.208684050113,82.1493163547503,0,10.79,0,82.1493163547503,10.79,NA,NA,NA,NA
"115","Byers Community Watershed","Byers Creek","DESIGNATED - REVIEW","GW","OTHER SOURCE","Disinfection","TREATMENT FACILITY",NA,31.4067132749966,0,0,0,0,0,0,NA,NA,NA,NA
"116","Peterson Community Watershed","Peterson Creek","DESIGNATED","SW","PRIMARY","None","NO TREATMENT",NA,8200.66573211643,659.359870274425,240.28769769392,8.04,2.93,419.072172580505,5.11,NA,NA,NA,NA
"117","Kimberley Community Watershed","Kimberley Creek","DESIGNATED","SW","PRIMARY",NA,"NOT SPECIFIED",NA,1019.47737331171,67.4818977502591,14.8963226436425,6.62,1.46,52.5855751066165,5.16,NA,NA,NA,NA
"118","Leonie Community Watershed","Leonie Creek","DESIGNATED","GW","EMERGENCY BACKUP",NA,NA,"Bacteria",3010.40394355011,205.691956838721,0,6.83,0,205.691956838721,6.83,NA,NA,NA,NA
"119","Southbright Community Watershed","Southbright Brook","DESIGNATED","SW","PRIMARY","Disinfection & filtration","POE/POU",NA,4.10394417500719,0,0,0,0,0,0,NA,NA,NA,NA
"120","Farleigh Community Watershed","Farleigh Lake","DESIGNATED","SW","PRIMARY","Various (POE/POU)","POE/POU","Range use",2154.05299059427,222.217596777813,6.02040476780143,10.32,0.28,216.197192010011,10.04,NA,NA,NA,NA
"121","Selous Community Watershed","Selous Creek","DESIGNATED","SW","PRIMARY","Disinfection & filtration","TREATMENT FACILITY","Turbidity",1519.62242599962,88,85,5.79,5.59,3,0.2,NA,NA,NA,NA
"122","Bath Community Watershed","Bath Creek","DESIGNATED - REVIEW","GW","OTHER SOURCE","None",NA,NA,151.098837243671,2.80585979768559,0,1.86,0,2.80585979768559,1.86,NA,NA,NA,NA
"123","Madias Community Watershed","Madias Creek","DESIGNATED","GW (GUDI)","PRIMARY - GUDI in CW","Disinfection","WELL","Forestry, roads, water quantity",2434.56318185617,97,6,3.98,0.25,91,3.74,NA,NA,NA,NA
"124","Halfway Community Watershed","Halfway Creek","DESIGNATED","SW & GW","PRIMARY","Disinfection x2 & filtration","TREATMENT FACILITY",NA,408.139155306409,153.790306878178,129.9840787094,37.68,31.85,23.8062281687784,5.83,NA,NA,NA,NA
"125","South Rykert Community Watershed","South Rykert Creek","DESIGNATED","GW (GUDI)","PRIMARY - GUDI in CW","NONE","NO TREATMENT","Bacteria",7.19364182500616,0,0,0,0,0,0,NA,NA,NA,NA
"126","Wells Community Watershed","Wells Creek","DESIGNATED","GW","EMERGENCY BACKUP",NA,NA,NA,7.48652165625112,0,0,0,0,0,0,NA,NA,NA,NA
"127","Volkert Community Watershed","Volkert Creek","DESIGNATED","SW & GW (GUDI)","PRIMARY","NONE","NO TREATMENT",NA,90.7359122875072,0,0,0,0,0,0,NA,NA,NA,NA
"128","Camp Run Community Watershed","Camp Run Creek","DESIGNATED","SW","YES",NA,"NOT SPECIFIED",NA,6.38747014375329,0,0,0,0,0,0,NA,NA,NA,NA
"129","Climax Community Watershed","Climax Creek","DESIGNATED","SW & GW","PRIMARY","Filtration","INTAKE, POU","Forestry",215.791182262453,57.527957347992,0,26.66,0,57.527957347992,26.66,NA,NA,NA,NA
"130","Humphries Community Watershed","Humphries Creek","DESIGNATED - REVIEW","ABANDONED","ABANDONED","NONE","NO TREATMENT",NA,762.726616550325,90.533671374266,88.023288873707,11.87,11.54,2.510382500559,0.33,NA,NA,NA,NA
"131","Dicksam Community Watershed","Dicksam Brook","DESIGNATED","SW","PRIMARY","Disinfection & filtration","INTAKE","Forestry",14.9648424624778,0,0,0,0,0,0,NA,NA,"T'it'q'et (Lillooet Indian Band)","T'it'q'et"
"132","Hope Community Watershed","Hope Creek","DESIGNATED","SW (other)","EMERGENCY BACKUP","Disinfection","INTAKE",NA,153.100548118729,5.07583015186455,0,3.32,0,5.07583015186455,3.32,NA,NA,NA,NA
"133","Nikaia Community Watershed","Nikaia Creek","DESIGNATED","SW","PRIMARY",NA,"NOT SPECIFIED",NA,2063.17550344403,79.8512173112936,45.2463348829389,3.87,2.19,34.6048824283548,1.68,NA,NA,NA,NA
"134","Lytton Community Watershed","Lytton Creek","DESIGNATED","SW","PRIMARY","Disinfection & filtration","TREATMENT FACILITY","Water quantity",987.796564431101,8,4,0.81,0.4,4,0.4,NA,NA,NA,NA
"135","Mckay Community Watershed","McKay Brook","DESIGNATED - REVIEW","Unknown","IRRIGATION",NA,"NOT SPECIFIED",NA,499.151073106561,0,0,0,0,0,0,NA,NA,NA,NA
"136","Gurney Community Watershed","Gurney Creek","DESIGNATED","SW","PRIMARY",NA,"NOT SPECIFIED",NA,3847.68199988383,791.308401085717,475.300665845721,20.57,12.35,316.007735239995,8.21,NA,NA,NA,NA
"137","Toops Community Watershed","Toops Creek","DESIGNATED","SW","PRIMARY",NA,"NOT SPECIFIED",NA,3.31136044374406,0,0,0,0,0,0,NA,NA,NA,NA
"138","Elk Community Watershed","Elk Creek","DESIGNATED","GW","EMERGENCY BACKUP","Disinfection","WELL","Forestry",1179.71327921228,385.407666733107,380.356276375494,32.67,32.24,5.05139035761312,0.43,NA,NA,NA,NA
"139","Meighan Community Watershed","Meighan Creek","DESIGNATED","SW","PRIMARY","None","NO TREATMENT",NA,389.465295393544,24.9988350445032,0,6.42,0,24.9988350445032,6.42,NA,NA,NA,NA
"140","Paul Lake Community Watershed","Paul Lake","DESIGNATED","SW","PRIMARY","Disinfection","INTAKE","Water quantity",15164.2168578687,1434.03164675933,300.928164120699,9.46,1.98,1133.10348263863,7.47,NA,NA,NA,NA
"141","Shingle Community Watershed","Shingle Creek","DESIGNATED","SW","PRIMARY",NA,NA,NA,13.118179562503,0,0,0,0,0,0,NA,NA,NA,NA
"142","Foster Community Watershed","Foster Creek","DESIGNATED","SW","PRIMARY","NONE","NO TREATMENT","Residential",109.816225912555,0.376568116057292,0,0.34,0,0.376568116057292,0.34,NA,NA,NA,NA
"143","Rancher Community Watershed","Rancher Creek","DESIGNATED","SW","PRIMARY",NA,"NOT SPECIFIED",NA,443.608157506247,51.5143221875384,47,11.61,10.59,4.51432218753845,1.02,NA,NA,NA,NA
"144","Countless Community Watershed","Countless Creek","DESIGNATED - REVIEW","Unknown","OTHER SOURCE","NONE","NO TREATMENT","Forestry",66.4434565999757,13.8425588337843,0.5015427357357,20.83,0.75,13.3410160980486,20.08,NA,NA,NA,NA
"145","Kemp Community Watershed","Kemp Creek","DESIGNATED","SW","PRIMARY","Disinfection","TREATMENT FACILITY","Turbidity",1179.53579117495,228.999481653619,124,19.41,10.51,104.999481653619,8.9,NA,NA,NA,NA
"146","Skeemis Community Watershed","Skeemis Creek","DESIGNATED","SW","PRIMARY",NA,"NOT SPECIFIED","Water quantity",252.356149399814,0,0,0,0,0,0,NA,NA,NA,NA
"147","Edmeston Community Watershed","Edmeston Creek","DESIGNATED","SW","YES",NA,"NOT SPECIFIED",NA,7.36736998750642,0,0,0,0,0,0,"Cultus Lake",NA,NA,NA
"148","Adams Spring Community Watershed","Adams Spring","DESIGNATED","SW","PRIMARY",NA,"NOT SPECIFIED",NA,3.23691915625846,0,0,0,0,0,0,NA,NA,NA,NA
"149","Abel Community Watershed","Abel Creek","DESIGNATED","SW & GW","PRIMARY","Disinfection","TREATMENT FACILITY",NA,3489.24629107977,70.1925819122739,52,2.01,1.49,18.1925819122739,0.52,NA,NA,NA,NA
"150","Dorman Community Watershed","Dorman Brook","DESIGNATED - REVIEW","SW","PRIMARY","Various (POE/POU)",NA,NA,2.50979612500123,0,0,0,0,0,0,NA,NA,NA,NA
"151","Tranquille Community Watershed","Tranquille River","DESIGNATED","SW","PRIMARY",NA,"NOT SPECIFIED",NA,43758.5177791396,2267.97918041134,1103.50609076018,5.18,2.52,1164.47308965116,2.66,NA,NA,NA,NA
"152","Fortune Community Watershed","Fortune Creek","DESIGNATED","SW","PRIMARY","Disinfection","TREATMENT FACILITY",NA,4276.60334201291,58,48,1.36,1.12,10,0.23,NA,NA,NA,NA
"153","Norrish Community Watershed","Norrish Creek","DESIGNATED","SW & GW","PRIMARY","Disinfection & filtration","TREATMENT FACILITY","Forestry, turbidity",7876.45158571839,2208.72967063507,562.423206217827,28.04,7.14,1646.30646441725,20.9,NA,NA,NA,NA
"154","Slarkedus Community Watershed","Slarkedus Creek","DESIGNATED","SW","PRIMARY","Disinfection","TREATMENT FACILITY","Forestry, access roads",502.829527254771,349.658870622498,0,69.54,0,349.658870622498,69.54,NA,NA,NA,NA
"155","Itatsoo Community Watershed","Itatsoo Creek","DESIGNATED","SW (other)","FUTURE SOURCE","NONE","NO TREATMENT",NA,552.07770408383,0,0,0,0,0,0,NA,NA,NA,NA
"156","Deception Community Watershed","Deception Gulch","DESIGNATED - REVIEW","SW (Other CW)","OTHER SOURCE",NA,NA,NA,743.730316650098,0,0,0,0,0,0,NA,NA,NA,NA
"157","Sooke Lake Community Watershed","Sooke Lake","DESIGNATED","SW","PRIMARY","Disinfection x2","TREATMENT FACILITY",NA,6982.23346368886,252.899994469357,0,3.62,0,252.899994469357,3.62,NA,NA,NA,NA
"158","Klo Community Watershed","Klo Creek","DESIGNATED","SW","PRIMARY","Disinfection","INTAKE","Forestry, range use, recreation",4973.79384709372,476.882195979357,369.82415238594,9.59,7.44,107.058043593416,2.15,NA,NA,NA,NA
"159","Tarundl Community Watershed","Tarundl Creek","DESIGNATED","GW","EMERGENCY BACKUP",NA,NA,"Forestry",997.294762362488,289.960129287741,0,29.07,0,289.960129287741,29.07,NA,NA,NA,NA
"160","Coutlie Community Watershed","Coutlie Brook","DESIGNATED","SW (other CW)","EMERGENCY BACKUP","Disinfection & filtration","TREATMENT FACILITY",NA,121.606329187632,0,0,0,0,0,0,NA,NA,NA,NA
"161","Campsite Community Watershed","Campsite Creek","DESIGNATED - REVIEW","GW","OTHER SOURCE","Disinfection & filtration","WELL",NA,33.9933107125633,3.01476576288734,3.01476576288734,8.87,8.87,0,0,NA,NA,NA,NA
"162","Alberta Community Watershed","Alberta Creek","DESIGNATED - REVIEW","Unknown","OTHER SOURCE",NA,NA,NA,50.7428188562983,16.9314596315071,7,33.37,13.8,9.9314596315071,19.57,NA,NA,NA,NA
"163","Four Mile Community Watershed","Four Mile Creek","DESIGNATED","SW","PRIMARY","NONE","NO TREATMENT",NA,331.735383275055,27.0025653540645,0,8.14,0,27.0025653540645,8.14,NA,NA,NA,NA
"164","Casino Community Watershed","Casino Creek","DESIGNATED","SW","PRIMARY","NONE","NO TREATMENT","Forestry, water quantity",202.537584774957,1,0,0.49,0,1,0.49,NA,NA,NA,NA
"165","Sutherland Community Watershed","Sutherland Creek","DESIGNATED","SW","PRIMARY","Disinfection","WELL","Turbidity",143.546654187573,3.78646298859622,0,2.64,0,3.78646298859622,2.64,NA,NA,NA,NA
"166","Usk (Skovens Brook) Community Watershed","Daniels Brook","DESIGNATED","SW","PRIMARY",NA,"NOT SPECIFIED",NA,210.526540824997,31.4046642009402,24.4046642009402,14.92,11.59,7,3.32,NA,NA,NA,NA
"167","Charles Community Watershed","Charles Creek","DESIGNATED","SW (other) & SW (CW)","SECONDARY","Disinfection","TREATMENT FACILITY","Water quantity",170.799736943758,51.2160730838351,33.8902174350083,29.99,19.84,17.3258556488268,10.14,NA,NA,NA,NA
"168","Snootli Community Watershed","Snootli Creek","DESIGNATED","SW","PRIMARY","Basic filtration","INTAKE","Forest fire, recreation, slides/debris",3847.04642200659,231,25,6,0.65,206,5.35,NA,NA,NA,NA
"169","Kitseguekla Creek Community Watershed","Kits Creek","DESIGNATED","SW","PRIMARY","Filtration","TREATMENT FACILITY","Water quantity",391.821353700189,89.1367002167165,0,22.75,0,89.1367002167165,22.75,NA,NA,NA,NA
"170","Stumaun Community Watershed","Stumaun Creek","DESIGNATED","SW","PRIMARY","Disinfection & filtration","TREATMENT FACILITY","Forestry, debris/slides",855.581921424967,10.1092076930553,0,1.18,0,10.1092076930553,1.18,NA,NA,NA,NA
"171","Dodge Community Watershed","Dodge Creek","DESIGNATED","SW","PRIMARY",NA,"NOT SPECIFIED",NA,14.4829500532042,0,0,0,0,0,0,NA,NA,NA,NA
"172","Gwillim Community Watershed","Gwillim Creek","DESIGNATED","SW","PRIMARY","Disinfection & filtration","TREATMENT FACILITY","Turbidity",7863.35222377492,348.92833553046,343.92833553046,4.44,4.37,5,0.06,NA,NA,NA,NA
"173","Dolan Community Watershed","Dolan Creek","DESIGNATED - REVIEW","GW (GUDI non-CW)","OTHER SOURCE",NA,"NOT SPECIFIED",NA,382.889076562846,81.9293772314549,46.5058058063388,21.4,12.15,35.4235714251161,9.25,NA,NA,NA,NA
"174","Irish Community Watershed","Irish Creek","DESIGNATED","GW","EMERGENCY BACKUP","Sand filtration","WELL AND INTAKE",NA,864.974241712463,68,23,7.86,2.66,45,5.2,NA,NA,NA,NA
"175","Cable Community Watershed","Cable Creek","DESIGNATED - REVIEW","GW","OTHER SOURCE",NA,NA,NA,581.832182368878,114.391415083231,114.391415083231,19.66,19.66,0,0,NA,NA,NA,NA
"176","Sandstone Community Watershed","Sandstone Creek","DESIGNATED - REVIEW","GW","OTHER SOURCE","Disinfection & filtration","WELL",NA,175.815561925006,52.5123355331716,52.5123355331716,29.87,29.87,0,0,NA,NA,NA,NA
"177","Newsome Community Watershed","Newsome Creek","DESIGNATED - REVIEW","SW (other)","OTHER SOURCE",NA,NA,NA,1810.22222619958,91.8591051424568,88.7733664240067,5.07,4.9,3.08573871845007,0.17,NA,NA,NA,NA
"178","Hackett Community Watershed","Hackett Creek","DESIGNATED","GW","EMERGENCY BACKUP",NA,"INTAKE","Water quantity",163.599719350018,27,1,16.5,0.61,26,15.89,NA,NA,NA,NA
"179","Little Qualicum Community Watershed","Little Qualicum River","DESIGNATED","SW","PRIMARY","Disinfection & basic filtration","INTAKE","Farms",24718.3117687448,531.123547714648,390.999498725447,2.15,1.58,140.124048989201,0.57,"Parksville",10613,NA,NA
"180","Watt Community Watershed","Watt Creek","DESIGNATED - REVIEW","GW","OTHER SOURCE",NA,"NOT SPECIFIED",NA,365.524220856243,101.261074710613,101.261074710613,27.7,27.7,0,0,NA,NA,NA,NA
"181","Cummings Community Watershed","Cummings Creek","DESIGNATED","GW","EMERGENCY BACKUP","NONE","NO TREATMENT",NA,12287.2442426985,1310.40086221581,885.444648107998,10.66,7.21,424.956214107815,3.46,"Sparwood",4167,NA,NA
"182","Deer Community Watershed","Deer Creek","DESIGNATED","SW","PRIMARY","NONE","NO TREATMENT",NA,8136.29531253165,729.070377086384,419.976426862411,8.96,5.16,309.093950223974,3.8,NA,NA,NA,NA
"183","Floyd Community Watershed","Floyd Creek","DESIGNATED","SW","PRIMARY","NONE","NO TREATMENT",NA,1782.49928045629,0,0,0,0,0,0,NA,NA,NA,NA
"184","Coldstream Community Watershed","Coldstream Creek","DESIGNATED","SW","PRIMARY","Disinfection x2","TREATMENT FACILITY","Forestry, range use, recreation, urban and rural development, highway",6679.61895768845,888.037791160437,53.8589304272793,13.29,0.81,834.178860733158,12.49,NA,NA,NA,NA
"185","Joseph Community Watershed","Joseph Creek","DESIGNATED","SW","PRIMARY","Disinfection","INTAKE","Range use, water quantity",5812.81225119306,427,181,7.35,3.11,246,4.23,NA,NA,NA,NA
"186","Oyster Community Watershed","Oyster River","DESIGNATED","SW & GW","PRIMARY","Disinfection x2","TREATMENT FACILITY","Water quantity",36339.6519721564,65,65,0.18,0.18,0,0,NA,NA,NA,NA
"187","Ashdown Community Watershed","Ashdown Brook","DESIGNATED - REVIEW","ABANDONED","ABANDONED",NA,NA,NA,7.53259222499691,0,0,0,0,0,0,NA,NA,NA,NA
"188","Eddy Community Watershed","Eddy Creek","DESIGNATED - REVIEW","GW","OTHER SOURCE","Disinfection","TREATMENT FACILITY",NA,23.3740904437258,0,0,0,0,0,0,NA,NA,NA,NA
"189","Kas Miintl Am Hawak Community Watershed","Kas Miintl Am Hawak Creek","DESIGNATED","SW (other)","EMERGENCY BACKUP","Disinfection & filtration","TREATMENT FACILITY",NA,340.432616093623,0,0,0,0,0,0,NA,NA,NA,NA
"190","Baerg Community Watershed","Baerg Creek","DESIGNATED","SW","PRIMARY","Various (POE/POU)","POE/POU",NA,410.407907250059,53.4044472868059,0,13.01,0,53.4044472868059,13.01,NA,NA,NA,NA
"191","Sicamous Community Watershed","Sicamous Creek","DESIGNATED - REVIEW","SW (other)","OTHER SOURCE","Disinfection","INTAKE","Turbidity",6487.12166621891,1684.72694079647,479.296606827317,25.97,7.39,1205.43033396915,18.58,"Sicamous",3145,NA,NA
"192","Caribou Community Watershed","Caribou Creek","DESIGNATED - REVIEW","Unknown","OTHER SOURCE",NA,"NOT SPECIFIED",NA,23734.5894204018,2675.32878340168,1287.00459360914,11.27,5.42,1388.32418979254,5.85,NA,NA,NA,NA
"193","Rover Community Watershed","Rover Creek","DESIGNATED","SW","PRIMARY","Various (POE/POU)","POE/POU",NA,4277.47472189287,595.640572104543,128,13.93,2.99,467.640572104543,10.93,NA,NA,NA,NA
"194","Goldstream Community Watershed","Goldstream River","DESIGNATED","SW","PRIMARY","Disinfection x2","TREATMENT FACILITY",NA,2174.56398080642,0.254154102951754,0.254154102951754,0.01,0.01,0,0,NA,NA,NA,NA
"195","Rosen Community Watershed","Rosen Brook","DESIGNATED - REVIEW","ABANDONED","ABANDONED",NA,"NOT SPECIFIED",NA,279.450861856242,0,0,0,0,0,0,NA,NA,NA,NA
"196","Skuagam Community Watershed","Skuagam Creek","DESIGNATED","GW (GUDI)","PRIMARY - GUDI in CW","Maintenance only","WELL","Forestry, highway",452.316029393808,20.4512230346893,6,4.52,1.33,14.4512230346893,3.19,NA,NA,NA,NA
"197","Kwinshatin Community Watershed","Kwinshatin Creek","DESIGNATED","GW (GUDI)","PRIMARY - GUDI in CW","Maintenance only","WELL","Forestry, highway",2726.45370123052,370.238594538236,42.7149960364562,13.58,1.57,327.52359850178,12.01,NA,NA,NA,NA
"198","Hallisey Community Watershed","Hallisey Creek","DESIGNATED","Unknown","PRIMARY","NONE","NO TREATMENT",NA,74.2460497999936,0,0,0,0,0,0,NA,NA,NA,NA
"199","Jarvis Community Watershed","Jarvis Creek","DESIGNATED","SW","PRIMARY",NA,"NOT SPECIFIED",NA,4.53202336249172,0,0,0,0,0,0,"Nelson",9677,NA,NA
"200","Moody Community Watershed","Moody Creek","DESIGNATED - REVIEW","SW (Other)","OTHER SOURCE",NA,NA,NA,2039.11750426944,120.406255435727,63.0342286985239,5.9,3.09,57.3720267372032,2.81,NA,NA,NA,NA
"201","Indian Community Watershed","Indian Creek","DESIGNATED","SW","PRIMARY","Disinfection","INTAKE","Turbidity, organics/THMs",482.737779606305,36.3834377278037,13.0426365852699,7.54,2.7,23.3408011425339,4.84,NA,NA,NA,NA
"202","Yale Community Watershed","Yale Creek","DESIGNATED","GW","EMERGENCY BACKUP","NONE","NO TREATMENT",NA,3733.47443624396,664.565992808592,47,17.8,1.26,617.565992808592,16.54,NA,NA,NA,NA
"203","Oyama Community Watershed","Oyama Creek","DESIGNATED","SW","PRIMARY","Disinfection x2","WELL","Forestry, range",4222.60975105648,315.018216759962,57.9036167329684,7.46,1.37,257.114600026994,6.09,NA,NA,NA,NA
"204","Dysart Community Watershed","Dysart Brook","DESIGNATED","SW","PRIMARY",NA,"NOT SPECIFIED",NA,43.4648913875005,5.96437813436626,0,13.72,0,5.96437813436626,13.72,NA,NA,NA,NA
"205","Duhamel Community Watershed","Duhamel Creek","DESIGNATED","GW","OTHER SOURCE",NA,"NOT SPECIFIED",NA,5689.45090449853,544.378707754792,315.64236479762,9.57,5.55,228.736342957171,4.02,NA,NA,NA,NA
"206","Kleef Community Watershed","Kleef Brook","DESIGNATED - REVIEW","SW","PRIMARY",NA,"NOT SPECIFIED",NA,60.3992229936734,13.3991979220832,0,22.18,0,13.3991979220832,22.18,NA,NA,NA,NA
"207","Explosives Community Watershed","Explosives Creek","DESIGNATED","GW (GUDI) & SW","PRIMARY - GUDI in CW","Disinfection","INTAKE, WELLS",NA,89.3174683687266,0,0,0,0,0,0,NA,NA,NA,NA
"208","Nile Community Watershed","Nile Creek","DESIGNATED - REVIEW","GW","OTHER SOURCE","NONE","NO TREATMENT",NA,1544.33457681268,0,0,0,0,0,0,NA,NA,NA,NA
"209","Bradley Community Watershed","Bradley Creek","DESIGNATED","SW","PRIMARY",NA,"NOT SPECIFIED",NA,324.657044987626,6.21792400546754,4.71209543180764,1.92,1.45,1.5058285736599,0.46,NA,NA,NA,NA
"210","Olalla Community Watershed","Olalla Creek","DESIGNATED","GW","EMERGENCY BACKUP","Maintenance only","WELL","Turbidity",2665.70119354273,942.653971077824,349.506691875857,35.36,13.11,593.147279201967,22.25,NA,NA,NA,NA
"211","Kemp Lake Community Watershed","Kemp Lake","DESIGNATED","SW","PRIMARY","Disinfection","INTAKE",NA,521.377285437483,1.43244090287192,0,0.27,0,1.43244090287192,0.27,"Sooke",9662,NA,NA
"212","Council Community Watershed","Council Creek","DESIGNATED - REVIEW","SW (Other CW)","OTHER SOURCE",NA,NA,NA,1034.06276254366,0,0,0,0,0,0,NA,NA,NA,NA
"213","William Community Watershed","William Brook","DESIGNATED - REVIEW","SW (Other CW)","OTHER SOURCE",NA,NA,NA,7.31070869999807,0,0,0,0,0,0,NA,NA,NA,NA
"214","Paul Community Watershed","Paul Creek","DESIGNATED","SW (other) & GW","EMERGENCY BACKUP","NONE","NO TREATMENT",NA,12459.6628390317,323.387246592884,142.915768373018,2.6,1.15,180.471478219865,1.45,NA,NA,"Tk'emlúps te Secwepemc (Kamloops Indian Band)","Tk'emlúps te Secwépemc"
"215","Cornwall Community Watershed","Cornwall Creek","DESIGNATED","SW","IRRIGATION","NONE","NO TREATMENT","Water quantity",6150.68266577426,450.862230044374,73,7.33,1.19,377.862230044374,6.14,NA,NA,NA,NA
"216","Skiing Brook Community Watershed","Skiing Brook","DESIGNATED","Unknown","EMERGENCY BACKUP",NA,NA,"Recreation (ski resort)",121.880140218743,0,0,0,0,0,0,NA,NA,NA,NA
"217","Telegraph Community Watershed","Telegraph Creek","DESIGNATED","SW","YES",NA,"NOT SPECIFIED",NA,3862.2570453628,0,0,0,0,0,0,NA,NA,NA,NA
"218","Sutherland Community Watershed","Sutherland Creek","DESIGNATED","GW","EMERGENCY BACKUP","Disinfection","INTAKE",NA,9185.81316583861,463.75202949212,107,5.05,1.16,356.75202949212,3.88,NA,NA,NA,NA
"219","Malahat Community Watershed","Malahat Creek","DESIGNATED - REVIEW","Unknown","UNKNOWN",NA,"NOT SPECIFIED",NA,120.614798350008,0,0,0,0,0,0,NA,NA,NA,NA
"220","Utility Community Watershed","Utility Creek","DESIGNATED - REVIEW","ABANDONED","ABANDONED","NONE","NO TREATMENT",NA,26.5969084687497,0,0,0,0,0,0,NA,NA,NA,NA
"221","Wolf Community Watershed","Wolf Creek","DESIGNATED","SW","PRIMARY","Disinfection & DAF","TREATMENT FACILITY",NA,1465.31840242657,262.926525436833,262.504515185659,17.94,17.91,0.422010251173447,0.03,NA,NA,NA,NA
"222","Two Mile Community Watershed","Two Mile Creek","DESIGNATED","SW","FUTURE SOURCE","NONE","NO TREATMENT",NA,60.2309810750179,0,0,0,0,0,0,NA,NA,NA,NA
"223","Jamieson Community Watershed","Jamieson Creek","DESIGNATED - REVIEW","GW","OTHER SOURCE","Disinfection","WELL","Forestry",530.772844856288,10.1916507124998,0,1.92,0,10.1916507124998,1.92,NA,NA,"Boothroyd Indian Band","Boothroyd"
"224","Clayton Community Watershed","Clayton Creek","DESIGNATED","SW","PRIMARY","NONE","NO TREATMENT","Forest fire, illegal marijuana growing",11.6414563188123,4.21546701311655,0,36.21,0,4.21546701311655,36.21,NA,NA,NA,NA
"225","South Murphy Community Watershed","South Murphy Creek","DESIGNATED","SW","PRIMARY","Disinfection & filtration","TREATMENT FACILITY",NA,278.972627343821,97.172161134152,68.1295967162053,34.83,24.42,29.0425644179467,10.41,NA,NA,NA,NA
"226","Sullivan Community Watershed","Sullivan Creek","DESIGNATED","Unknown","EMERGENCY BACKUP",NA,NA,NA,620.822792393648,165.995914557222,0,26.74,0,165.995914557222,26.74,NA,NA,NA,NA
"227","Omin Community Watershed","Omin Brook","DESIGNATED","SW","PRIMARY",NA,"NOT SPECIFIED",NA,187.395732593728,14.5692366559148,0,7.77,0,14.5692366559148,7.77,NA,NA,NA,NA
"228","Batys Community Watershed","Batys Creek","DESIGNATED","SW","PRIMARY","NONE","NO TREATMENT","Forestry, recreation, industry",217.136466212505,0,0,0,0,0,0,NA,NA,NA,NA
"229","Fountain Community Watershed","Fountain Creek","DESIGNATED - REVIEW","GW","OTHER SOURCE",NA,"NOT SPECIFIED",NA,7409.98824393706,609.343650564051,178.660994820479,8.22,2.41,430.682655743572,5.81,NA,NA,NA,NA
"230","Dillard Community Watershed","Dillard Creek","DESIGNATED - REVIEW","SW (other)","OTHER SOURCE",NA,NA,NA,3872.48128755658,242.259167948681,39.7290460003138,6.26,1.03,202.530121948368,5.23,NA,NA,NA,NA
"231","Norris Community Watershed","Norris Creek","DESIGNATED - REVIEW","ABANDONED","ABANDONED",NA,NA,NA,169.945109224978,17.5327610839645,0,10.32,0,17.5327610839645,10.32,NA,NA,NA,NA
"232","Thomas Community Watershed","Thomas Brook","DESIGNATED","Unknown","OTHER SOURCE",NA,"NOT SPECIFIED",NA,44.2878424062127,0,0,0,0,0,0,NA,NA,NA,NA
"233","Kruly Community Watershed","Kruly Creek","DESIGNATED","SW","PRIMARY",NA,"NOT SPECIFIED",NA,385.128347650078,111.873653663897,54,29.05,14.02,57.8736536638972,15.03,NA,NA,NA,NA
"234","Nekliptum Creek (North Channel)","Nekliptum Creek (N. Channel)","DESIGNATED","SW","PRIMARY","Disinfection & filtration","TREATMENT FACILITY","Turbidity",253.624211750129,68.2356728544251,68.2356728544251,26.9,26.9,0,0,NA,NA,NA,NA
"235","Currie Community Watershed","Currie Brook","DESIGNATED","SW","PRIMARY","Disinfection","POE/POU",NA,17.7124799937723,0,0,0,0,0,0,NA,NA,NA,NA
"236","Viking Community Watershed","Viking Creek","DESIGNATED - REVIEW","GW","OTHER SOURCE","Disinfection","WELL",NA,78.3753378500056,5.20485681901909,5.20485681901909,6.64,6.64,0,0,NA,NA,NA,NA
"237","Terminal Community Watershed","Terminal Creek","DESIGNATED","SW","PRIMARY","Disinfection","INTAKE","Forestry, wildlife",733.934573112494,0,0,0,0,0,0,"Miller's Landing",NA,NA,NA
"238","Matthew Community Watershed","Matthew Creek","DESIGNATED","SW","PRIMARY","Disinfection","INTAKE","Recreation",15359.9074144154,2647.81018409374,1957.64208792909,17.24,12.75,690.168096164655,4.49,NA,NA,NA,NA
"239","Ellis Community Watershed","Ellis Creek","DESIGNATED - REVIEW","SW","IRRIGATION",NA,NA,NA,15291.7945466783,1886.00337330671,269.181059627098,12.33,1.76,1616.82231367962,10.57,NA,NA,NA,NA
"240","Topping Community Watershed","Topping Creek-FR","DESIGNATED","SW","PRIMARY","Disinfection & filtration","TREATMENT FACILITY",NA,2098.7923796314,93.4956214404488,23.4956214404489,4.45,1.12,69.9999999999999,3.34,NA,NA,NA,NA
"241","Englishman Community Watershed","Englishman River","DESIGNATED","SW","PRIMARY","Disinfection","TREATMENT FACILITY","Turbidity, highway, railway, sewer",31889.9675995566,106.000501274553,106.000501274553,0.33,0.33,0,0,"Parksville",10613,NA,NA
"242","Kelly Community Watershed","Kelly Creek","DESIGNATED","SW","PRIMARY",NA,"NOT SPECIFIED",NA,2391.43396333149,0,0,0,0,0,0,NA,NA,NA,NA
"243","Alpha Community Watershed","Alpha Creek","DESIGNATED","SW (other CW)","EMERGENCY BACKUP",NA,NA,NA,506.237573431313,164.697121224826,0,32.53,0,164.697121224826,32.53,NA,NA,NA,NA
"244","Bird Community Watershed","Bird Creek","DESIGNATED","SW","PRIMARY","Disinfection & filtration","TREATMENT FACILITY","Turbidity",780.289247312845,27,0,3.46,0,27,3.46,NA,NA,NA,NA
"245","Wathl Community Watershed","Wathl Creek","DESIGNATED - REVIEW","GW","OTHER SOURCE",NA,"NOT SPECIFIED",NA,12153.2825358318,5153.08957513679,666.366812370617,42.4,5.48,4486.72276276617,36.92,NA,NA,NA,NA
"246","Springer Community Watershed","Springer Creek","DESIGNATED","SW","EMERGENCY BACKUP/IRRIGATION",NA,NA,"Turbidity",4897.4057363444,162.778392568996,3.89335153528452,3.32,0.08,158.885041033711,3.24,NA,NA,NA,NA
"247","Lambly Community Watershed","Lambly Creek","DESIGNATED","SW","PRIMARY","Disinfection","INTAKE","Forestry, range use, recreation (OHV use)",22411.9437476135,2146.57115256384,228.581755084021,9.58,1.02,1917.98939747982,8.56,NA,NA,NA,NA
"248","Trout Community Watershed","Trout Creek","DESIGNATED","SW","PRIMARY",NA,"NOT SPECIFIED",NA,71616.0892430867,6037.06168043589,1438.12641564973,8.43,2.01,4598.93526478616,6.42,NA,NA,NA,NA
"249","Fergusson Community Watershed","Fergusson Creek","DESIGNATED","GW","EMERGENCY BACKUP","Disinfection","INTAKE","Forestry, recreation (OHV use), IPPs, mining",3228.22426142535,227.216434001974,27.4984572642639,7.04,0.85,199.71797673771,6.19,NA,NA,NA,NA
"250","Chapman Community Watershed","Chapman Creek","DESIGNATED","SW","PRIMARY","Disinfection x2 & DAF & filtration","TREATMENT FACILITY","Forestry, mining, organics/THMs, debris/slides",6273.21578905507,1082.54733934795,956.745703212365,17.26,15.25,125.801636135582,2.01,NA,NA,NA,NA
"251","Talkynah Community Watershed","Talkynah Creek","DESIGNATED - REVIEW","GW","OTHER SOURCE","Unknown",NA,NA,25.4446811000371,0,0,0,0,0,0,NA,NA,NA,NA
"252","Calbick Community Watershed","Calbick Creek","DESIGNATED","SW","PRIMARY",NA,"NOT SPECIFIED",NA,63.7352614108203,0,0,0,0,0,0,NA,NA,NA,NA
"253","Hamilton Community Watershed","Hamilton Creek","DESIGNATED","SW (other CW)","EMERGENCY BACKUP","NONE","NO TREATMENT","Forestry",1315.68558350024,405.937030055858,402.984374198413,30.85,30.63,2.95265585744482,0.22,NA,NA,NA,NA
"254","Fletcher Community Watershed","Fletcher Creek","DESIGNATED","SW","PRIMARY","NONE","NO TREATMENT","Water quantity",1450.73976558106,308.629789276309,0,21.27,0,308.629789276309,21.27,NA,NA,NA,NA
"255","Inkawthia Community Watershed","Inkawthia Creek","DESIGNATED","SW","PRIMARY",NA,"NOT SPECIFIED",NA,1517.05049484378,14.6916523933962,5.95323963603228,0.97,0.39,8.73841275736391,0.58,NA,NA,NA,NA
"256","Young Creek Community Watershed","Young Creek","DESIGNATED","SW","PRIMARY",NA,"NOT SPECIFIED",NA,557.195267606172,1.53355834720728,1.53355834720728,0.28,0.28,0,0,NA,NA,NA,NA
"257","Hanna Community Watershed","Hanna Creek","DESIGNATED","SW","PRIMARY","Disinfection & filtration","TREATMENT FACILITY",NA,3384.38499047574,192.504378559548,109.504378559551,5.69,3.24,82.999999999997,2.45,NA,NA,NA,NA
"258","Six Mile Community Watershed","Six Mile Creek","DESIGNATED - REVIEW","SW","IRRIGATION",NA,NA,NA,555.705404887636,29.0365327769583,0,5.23,0,29.0365327769583,5.23,NA,NA,NA,NA
"259","Murray Community Watershed","Murray Creek","DESIGNATED","SW","PRIMARY",NA,NA,"Turbidity",14945.4155253009,2444.02006666294,492.971159138427,16.35,3.3,1951.04890752452,13.05,NA,NA,NA,NA
"260","Dog Community Watershed","Dog Creek","DESIGNATED","SW","PRIMARY","Unknown","NOT SPECIFIED",NA,1083.14222094984,60.9957203647919,0,5.63,0,60.9957203647919,5.63,NA,NA,NA,NA
"261","Mellott Creek Community Watershed","Mellott Creek","DESIGNATED","SW & GW","PRIMARY",NA,"NOT SPECIFIED",NA,546.962236668832,32.8446731152564,25,6,4.57,7.84467311525643,1.43,NA,NA,NA,NA
"262","D'Arcy Community Watershed","D'Arcy Creek","DESIGNATED","GW","EMERGENCY BACKUP","Maintenance only",NA,"Forestry, range use, wildfire",837.413324293916,68.2951060963489,0,8.16,0,68.2951060963489,8.16,NA,NA,NA,NA
"263","Wade Community Watershed","Wade Creek","DESIGNATED","SW","PRIMARY","Disinfection & filtration","TREATMENT FACILITY",NA,8.17660446249619,0,0,0,0,0,0,NA,NA,NA,NA
"264","Little Quarry Lake Community Watershed","Little Quarry Lake","DESIGNATED","SW","PRIMARY","Disinfection & basic filtration","TREATMENT FACILITY","Forestry",146.217912656269,0,0,0,0,0,0,NA,NA,NA,NA
"265","Anglemont Community Watershed","Anglemont Creek","DESIGNATED","SW","PRIMARY","Disinfection","TREATMENT FACILITY","Forestry, turbidity",132.616656331241,0,0,0,0,0,0,NA,NA,NA,NA
"266","Service Community Watershed","Service Creek","DESIGNATED - REVIEW","GW","OTHER SOURCE","Disinfection & filtration","WELL",NA,266.204908575058,48.2265301777374,48.2265301777374,18.12,18.12,0,0,NA,NA,NA,NA
"267","Gray Community Watershed","Gray Creek","DESIGNATED","SW","PRIMARY","Disinfection x2 & DAF & filtration","TREATMENT FACILITY",NA,4423.2174006556,697.618971861494,655.890725540196,15.77,14.83,41.7282463212975,0.94,NA,NA,NA,NA
"268","Chicago Community Watershed","Chicago Creek","DESIGNATED","SW","PRIMARY","Disinfection & filtration","TREATMENT FACILITY","Recreation, turbidity, water quantity",624.661767899894,0,0,0,0,0,0,NA,NA,NA,NA
"269","Deroche Community Watershed","Deroche Creek","DESIGNATED - REVIEW","Unknown","OTHER SOURCE",NA,NA,NA,716.909285731307,137.427421538008,93.1244961198516,19.17,12.99,44.3029254181568,6.18,NA,NA,NA,NA
"270","John Hart Community Watershed","John Hart Lake","DESIGNATED","SW","PRIMARY","Disinfection x2","INTAKE","Forestry, spills",2519.85562799266,8.23615885907621,8.23615885907621,0.33,0.33,0,0,NA,NA,NA,NA
"271","Sasquatch Community Watershed","Sasquatch Creek","DESIGNATED - REVIEW","Unknown","OTHER SOURCE",NA,"NOT SPECIFIED",NA,23.2608455187216,0,0,0,0,0,0,NA,NA,NA,NA
"272","Spring Community Watershed","Spring Creek","DESIGNATED","GW & SW (other CW)","EMERGENCY BACKUP","Disinfection","TREATMENT FACILITY","Water quantity, turbidity",362.132524493741,18.2009311163723,0,5.03,0,18.2009311163723,5.03,NA,NA,NA,NA
"273","Petersen Community Watershed","Petersen Brook","DESIGNATED","GW","EMERGENCY BACKUP","NONE","NO TREATMENT",NA,82.6804116999312,0,0,0,0,0,0,NA,NA,NA,NA
"274","Lee Community Watershed","Lee Creek","DESIGNATED - REVIEW","Unknown","OTHER SOURCE",NA,NA,NA,464.930919643521,39.9093257243625,23.8983495996783,8.58,5.14,16.0109761246842,3.44,NA,NA,NA,NA
"275","Mcdougall Community Watershed","McDougall Creek","DESIGNATED","SW & GW","PRIMARY","Disinfection x2","INTAKE",NA,1601.30397624893,189.803519722543,0,11.85,0,189.803519722543,11.85,NA,NA,NA,NA
"276","Barron Community Watershed","Barron Creek","DESIGNATED","SW","PRIMARY","Disinfection & filtration","TREATMENT FACILITY","Water quantity, turbidity",17.3127408640549,0,0,0,0,0,0,NA,NA,NA,NA
"277","Youbou Community Watershed","Youbou Creek","DESIGNATED","SW & GW","PRIMARY","Disinfection & filtration","TREATMENT FACILITY","Turbidity",208.946178506237,0,0,0,0,0,0,NA,NA,NA,NA
"278","Sharp Community Watershed","Sharp Creek","DESIGNATED","SW","PRIMARY","Disinfection","WELL","Water quantity",218.643468996024,102.808289642039,0,47.02,0,102.808289642039,47.02,NA,NA,NA,NA
"279","Waugh Community Watershed","Waugh Creek","DESIGNATED - REVIEW","SW (Other CW)","OTHER SOURCE",NA,NA,NA,1204.15304379961,16.7943220223524,16.7943220223583,1.39,1.39,-5.96145355302724e-12,0,NA,NA,NA,NA
"280","Nelson Community Watershed","Nelson Creek","DESIGNATED","SW","PRIMARY","Filtration","TREATMENT FACILITY","Water quantity, turbidity",376.766956050098,0,0,0,0,0,0,NA,NA,NA,NA
"281","Pritchard Community Watershed","Pritchard Creek","DESIGNATED","SW & GW","PRIMARY","NONE","NO TREATMENT",NA,657.408453337566,6,0,0.91,0,6,0.91,NA,NA,NA,NA
"282","Queen Charlotte City Community Watershed","Jervis Brook","DESIGNATED","SW","PRIMARY","Disinfection x2 & DAF & filtration","TREATMENT FACILITY",NA,1632.89285960789,876.653333747188,0,53.69,0,876.653333747188,53.69,NA,NA,"Skidegate Band Council","Skidegate"
"283","Sandy Community Watershed","Sandy Creek","DESIGNATED","SW","PRIMARY","Various (POE/POU)","POE/POU","Water quantity, forestry",1212.96374708039,299.871012899146,49,24.72,4.04,250.871012899146,20.68,NA,NA,NA,NA
"284","Waugh Lake Community Watershed","Waugh Creek","DESIGNATED","SW","PRIMARY","Disinfection x2","TREATMENT FACILITY","Forestry",793.146172225078,72.9522710521013,20.9631883717388,9.2,2.64,51.9890826803625,6.55,NA,NA,NA,NA
"285","Ashburnham Community Watershed","Ashburnham Creek","DESIGNATED - REVIEW","GW","OTHER SOURCE","Disinfection","WELL","Debris/slides",625.548144293783,0,0,0,0,0,0,NA,NA,NA,NA
"286","Whistler Community Watershed","Whistler Creek","DESIGNATED","SW (other CW) & SW (CW)","EMERGENCY BACKUP/FUTURE SOURCE/FIREFIGHTING",NA,NA,NA,612.981338281289,92.8471801949988,0,15.15,0,92.8471801949988,15.15,NA,NA,NA,NA
"287","Skowootum Community Watershed","Skowootum Creek","DESIGNATED - REVIEW","GW","OTHER SOURCE",NA,"NOT SPECIFIED",NA,1110.24921256859,28.7439015372485,0,2.59,0,28.7439015372485,2.59,NA,NA,NA,NA
"288","Wilfred Community Watershed","Wilfred Brook","DESIGNATED - REVIEW","SW (Other CW)","OTHER SOURCE",NA,NA,NA,2.30739698124584,0,0,0,0,0,0,NA,NA,NA,NA
"289","Hascheak Community Watershed","Hascheak Creek","DESIGNATED","SW & GW","PRIMARY","Disinfection x2","INTAKE","Turbidity",654.796004099942,106.992212995078,0,16.34,0,106.992212995078,16.34,NA,NA,NA,NA
"290","Rashdell Community Watershed","Rashdell Spring","DESIGNATED","SW","PRIMARY","NONE","NO TREATMENT","Debris/slides, bacteria",12.3110066125186,0,0,0,0,0,0,NA,NA,NA,NA
"291","Kopp Community Watershed","Kopp Creek","DESIGNATED - REVIEW","Unknown","OTHER SOURCE","NONE","NO TREATMENT",NA,36.2019191625061,1.33338464034917,0.209732579387538,3.68,0.58,1.12365206096163,3.1,NA,NA,NA,NA
"292","Pemberton Community Watershed","Pemberton Creek","DESIGNATED","GW (GUDI)","PRIMARY - GUDI in CW",NA,NA,"Turbidity",2887.2958471001,603.432088817971,19,20.9,0.66,584.432088817971,20.24,NA,NA,NA,NA
"293","Stoyoma Community Watershed","Stoyoma Creek","DESIGNATED","SW (other CW)","EMERGENCY BACKUP",NA,NA,"Turbidity",4070.97796835623,741.892891688061,220.28797315313,18.22,5.41,521.604918534931,12.81,NA,NA,NA,NA
"294","Jimmies Community Watershed","Jimmies Creek","DESIGNATED","SW (other) & SW (CW)","SECONDARY","NONE","NO TREATMENT","Range use",1358.37607283728,34.7589223382756,6.54035193656459,2.56,0.48,28.218570401711,2.08,NA,NA,NA,NA
"295","Quinmas Community Watershed","Quinmas Creek","DESIGNATED","GW (GUDI)","PRIMARY - GUDI in CW","Disinfection & Iron/Manganese","TREATMENT FACILITY","Pipeline, fracking, mining",11.4047752875006,0,0,0,0,0,0,NA,NA,NA,NA
"296","Brouse Community Watershed","Brouse Creek","DESIGNATED","SW & GW","PRIMARY","Disinfection x2 & filtration","TREATMENT FACILITY",NA,310.716674881223,64.6349362671709,23,20.8,7.4,41.6349362671709,13.4,NA,NA,NA,NA
"297","Bartlett Community Watershed","Bartlett Creek","DESIGNATED","GW","EMERGENCY BACKUP","NONE","NO TREATMENT",NA,540.813742512496,80.193904759702,69.3502241057966,14.83,12.82,10.8436806539054,2.01,NA,NA,NA,NA
"298","Mcdonald Community Watershed","McDonald Creek","DESIGNATED","SW (other CW)","EMERGENCY BACKUP",NA,NA,NA,217.895846393699,5.95878508377112,4.86649908363223,2.73,2.23,1.09228600013889,0.5,NA,NA,NA,NA
"299","Anderson Community Watershed","Anderson Creek","DESIGNATED - REVIEW","GW","OTHER SOURCE","NONE","NO TREATMENT","Forestry",274.815806043776,82.4883844113831,21.9370514567015,30.02,7.98,60.5513329546817,22.03,NA,NA,NA,NA
"300","Mack Community Watershed","Mack Creek","DESIGNATED","SW","PRIMARY","Disinfection & filtration","TREATMENT FACILITY","Water quantity",61.9275352640711,0,0,0,0,0,0,NA,NA,NA,NA
"301","Brides Community Watershed","Brides Creek","DESIGNATED - REVIEW","GW","OTHER SOURCE","NONE","NO TREATMENT",NA,279.385300862486,0,0,0,0,0,0,NA,NA,NA,NA
"302","Inklyulnkinatko Community Watershed","Inklyuhkinatko Creek","DESIGNATED","SW","PRIMARY","Disinfection & filtration","TREATMENT FACILITY",NA,19.8303321125012,0,0,0,0,0,0,NA,NA,NA,NA
"303","Quartz Community Watershed","Quartz Creek","DESIGNATED","SW","PRIMARY","Disinfection x2 & filtration","TREATMENT FACILITY",NA,589.42770190606,8.99054755292945,3,1.53,0.51,5.99054755292945,1.02,NA,NA,NA,NA
"304","Canyon Community Watershed","Canyon Creek","DESIGNATED - REVIEW","GW","OTHER SOURCE",NA,NA,NA,24107.5020168647,3092.22091665954,347,12.83,1.44,2745.22091665954,11.39,NA,NA,NA,NA
"305","Boivin Community Watershed","Boivin Creek","DESIGNATED","GW","EMERGENCY BACKUP","None","NO TREATMENT","Recreation (OHV use) ",5864.00802479495,432.628312698542,292,7.38,4.98,140.628312698542,2.4,NA,NA,NA,NA
"306","Harbott Community Watershed","Harbott Creek","DESIGNATED","GW & SW","SECONDARY",NA,"NOT SPECIFIED",NA,46.5315283312686,0,0,0,0,0,0,NA,NA,NA,NA
"307","Peachland Community Watershed","Peachland Creek","DESIGNATED","SW","PRIMARY","Disinfection & basic filtration","INTAKE","Turbidity",12470.2825959637,1383.80598326119,353.444983823819,11.1,2.83,1030.36099943738,8.26,NA,NA,NA,NA
"308","Mary Vine Community Watershed","Mary Vine Creek","DESIGNATED - REVIEW","ABANDONED","ABANDONED","NONE","NO TREATMENT",NA,307.804378374847,25.9501569121122,25.9501569121391,8.43,8.43,-2.68229882749438e-11,0,NA,NA,NA,NA
"309","Quaee Community Watershed","Quaee Creek","DESIGNATED - REVIEW","GW","OTHER SOURCE","Disinfection","WELL",NA,386.422613206062,100.014357244557,0,25.88,0,100.014357244557,25.88,NA,NA,NA,NA
"310","Priest Lake Community Watershed","Priest Lake","DESIGNATED","SW","PRIMARY","Disinfection x2","TREATMENT FACILITY","Not specified",1131.37555416892,27.2098987279939,14.7902281970042,2.41,1.31,12.4196705309896,1.1,NA,NA,NA,NA
"311","Harold Community Watershed","Harold Brook","DESIGNATED - REVIEW","GW","IRRIGATION",NA,"WELL",NA,41.1006744875118,1,0,2.43,0,1,2.43,NA,NA,NA,NA
"312","Centre Community Watershed","Centre Creek","DESIGNATED - REVIEW","Unknown","OTHER SOURCE",NA,NA,NA,177.568031018738,21.3611909889728,21.3611909889735,12.03,12.03,-7.46069872548105e-13,0,NA,NA,NA,NA
"313","Trite Community Watershed","Trite Creek","DESIGNATED","SW","YES",NA,"NOT SPECIFIED",NA,121.328336149979,3.93786929341294,0,3.25,0,3.93786929341294,3.25,NA,NA,NA,NA
"314","Ichilaka Community Watershed","Ichilaka Brook","DESIGNATED - REVIEW","SW","IRRIGATION","NONE","NO TREATMENT",NA,116.790473237517,36.8082203745085,30.6199743952669,31.52,26.22,6.18824597924166,5.3,NA,NA,NA,NA
"315","Tatley Community Watershed","Tatley Creek","DESIGNATED - REVIEW","GW (GUDI)","PRIMARY - GUDI in CW","Disinfection","WELL","Forestry, roads, water quantity",1913.63392479998,22,16,1.15,0.84,6,0.31,NA,NA,NA,NA
"316","President Community Watershed","President Creek","DESIGNATED - REVIEW","Unknown","OTHER SOURCE","NONE","NO TREATMENT","Forestry, mining, debris/slides",111.572217456302,16.4654213941263,0,14.76,0,16.4654213941263,14.76,NA,NA,NA,NA
"317","Palmer Community Watershed","Palmer Creek","DESIGNATED","SW","PRIMARY","Disinfection","TREATMENT FACILITY",NA,339.700528849819,0,0,0,0,0,0,NA,NA,NA,NA
"318","Kathryn Community Watershed","Kathryn Creek","DESIGNATED - REVIEW","Unknown","OTHER SOURCE",NA,"NOT SPECIFIED",NA,806.180242743935,30.1999979537737,0,3.75,0,30.1999979537737,3.75,NA,NA,NA,NA
"319","Flapjack Community Watershed","Flapjack Creek","DESIGNATED - REVIEW","SW","PRIMARY",NA,"NOT SPECIFIED",NA,314.600405806171,0,0,0,0,0,0,NA,NA,NA,NA
"320","Pickney Community Watershed","Pickney Brook","DESIGNATED","GW (GUDI)","PRIMARY - GUDI in CW","NONE","NO TREATMENT","Forestry",39.3088161187355,0,0,0,0,0,0,NA,NA,NA,NA
"321","Blackbird Community Watershed","Blackbird Creek","DESIGNATED","GW","EMERGENCY BACKUP","None","WELL","Forestry, mining, debris/slides",28.7571030999904,0,0,0,0,0,0,NA,NA,NA,NA
"322","Hansen Community Watershed","Hansen Brook","DESIGNATED","SW","PRIMARY","Disinfection & filtration","WELL",NA,24.0464269250163,0,0,0,0,0,0,NA,NA,NA,NA
"323","Or Community Watershed","Or Creek","DESIGNATED - REVIEW","SW (Other CW)","OTHER SOURCE",NA,NA,"Forestry",1916.12523036861,706.330628684406,4.01202466729502,36.86,0.21,702.318604017111,36.65,NA,NA,NA,NA
"324","Elgood Community Watershed","Elgood Creek","DESIGNATED - REVIEW","Unknown","OTHER SOURCE",NA,NA,NA,133.114881331226,24.9494269567714,24.1435415043165,18.74,18.14,0.805885452454909,0.61,NA,NA,NA,NA
"325","China Community Watershed","China Creek","DESIGNATED","GW","EMERGENCY BACKUP","None",NA,NA,2778.30025166224,112.312050987364,84.2049193479653,4.04,3.03,28.1071316393982,1.01,NA,NA,NA,NA
"326","Pye Community Watershed","Pye Creek","DESIGNATED - REVIEW","SW (Other)","OTHER SOURCE","NONE","NO TREATMENT",NA,18.6276722624987,0,0,0,0,0,0,NA,NA,NA,NA
"327","Mcnally Community Watershed","McNally Creek","DESIGNATED - REVIEW","GW","OTHER SOURCE","None","NO TREATMENT","Not specified",440.533390418863,0,0,0,0,0,0,NA,NA,NA,NA
"328","Nepuchin Community Watershed","Nepuchin Creek","DESIGNATED","SW","PRIMARY",NA,"NOT SPECIFIED",NA,738.427559393815,26.6762248430224,26.6762248430224,3.61,3.61,0,0,NA,NA,NA,NA
"329","Intlpam Community Watershed","Intlpam Creek","DESIGNATED","SW","PRIMARY",NA,"NOT SPECIFIED",NA,5698.4271130809,608.229591772836,251.260118593518,10.67,4.41,356.969473179318,6.26,NA,NA,NA,NA
"330","Greeley Community Watershed","Greeley Creek","DESIGNATED","SW","PRIMARY","Disinfection & filtration","TREATMENT FACILITY","Forestry",4678.26684173682,804,322,17.19,6.88,482,10.3,NA,NA,NA,NA
"331","Kuskanax Community Watershed","Kuskanax Creek","DESIGNATED","Unknown","OTHER SOURCE","NONE","NO TREATMENT",NA,34905.1808326654,9339.37231157251,8687.37231157269,26.76,24.89,651.999999999816,1.87,NA,NA,NA,NA
"332","Sanca Community Watershed","Sanca Creek","DESIGNATED","SW","PRIMARY","NONE","NO TREATMENT","Turbidity, debris/slides",10879.4289071832,405.571229687474,154.551485733789,3.73,1.42,251.019743953685,2.31,NA,NA,NA,NA
"333","Malkin Community Watershed","Malkin Creek","DESIGNATED - REVIEW","GW","OTHER SOURCE","Disinfection","TREATMENT FACILITY",NA,71.1671689749923,0,0,0,0,0,0,NA,NA,NA,NA
"334","B.X. Community Watershed","B.X. Creek","DESIGNATED","SW (other CW) & SW (CW)","EMERGENCY BACKUP/IRRIGATION","NONE","NO TREATMENT","Forestry, range use, recreation, urban and rural development, highway",7077.65677823013,234.632008664238,63.1410695727199,3.32,0.89,171.490939091518,2.42,"Vernon",34678,NA,NA
"335","Leech Community Watershed","Leech River","DESIGNATED - REVIEW","SW (Other CW)","OTHER SOURCE",NA,NA,NA,9357.02548438635,0,0,0,0,0,0,NA,NA,NA,NA
"336","Trapping Creek Community Watershed","Trapping Creek","DESIGNATED","SW","PRIMARY","Disinfection & filtration","TREATMENT FACILITY","Recreation (ski resort)",37.5399498875111,0,0,0,0,0,0,NA,NA,NA,NA
"337","Banon Community Watershed","Banon Creek","DESIGNATED","SW","PRIMARY","NONE","NO TREATMENT",NA,3449.48010193007,0,0,0,0,0,0,NA,NA,NA,NA
"338","Holland Community Watershed","Holland Creek","DESIGNATED","SW","PRIMARY","Disinfection","INTAKE",NA,2639.22338951227,0,0,0,0,0,0,"Ladysmith",6963,NA,NA
"339","Barton Community Watershed","Barton Creek","DESIGNATED - REVIEW","GW","OTHER SOURCE",NA,"NOT SPECIFIED",NA,18.1171772234507,0,0,0,0,0,0,NA,NA,NA,NA
"340","Close Community Watershed","Close Creek","DESIGNATED","SW","PRIMARY","Disinfection","WELL","Water quantity",29.270277129684,22.5050792017565,0,76.89,0,22.5050792017565,76.89,NA,NA,NA,NA
"341","Brother Community Watershed","Brother Creek","DESIGNATED","SW","PRIMARY","Filtration","TREATMENT FACILITY",NA,153.683250067992,58.004953972152,0,37.74,0,58.004953972152,37.74,NA,NA,NA,NA
"342","Eneeksagilaguaw Community Watershed","Eneeksagilaguaw Creek","DESIGNATED","GW (GUDI)","PRIMARY - GUDI in CW",NA,"NOT SPECIFIED",NA,140.784555462431,43.4615732205298,40.4615732205298,30.87,28.74,3,2.13,NA,NA,NA,NA
"343","Gabion Community Watershed","Gabion River","DESIGNATED","SW","PRIMARY",NA,"NOT SPECIFIED",NA,1880.45898474685,469.749829197608,24.8915031918777,24.98,1.32,444.85832600573,23.66,NA,NA,NA,NA
"344","Rundle Community Watershed","Rundle Creek","DESIGNATED - REVIEW","Unknown","OTHER SOURCE","NONE","NO TREATMENT",NA,20.0625696187467,1.00461625558874,0,5.01,0,1.00461625558874,5.01,"Lions Bay",1498,NA,NA
"345","North Quaee Community Watershed","North Quaee Creek","DESIGNATED - REVIEW","GW","OTHER SOURCE","Disinfection","WELL",NA,15.5427838359617,4.5109482966406,0,29.02,0,4.5109482966406,29.02,NA,NA,NA,NA
"346","Taynton Community Watershed","Taynton Creek","DESIGNATED","SW","PRIMARY","Disinfection","WELL",NA,1454.90632318766,0,0,0,0,0,0,NA,NA,NA,NA
"347","Bourke Community Watershed","Bourke Creek","DESIGNATED","SW","PRIMARY","Disinfection x2 & filtration","TREATMENT FACILITY","Debris/slides",127.821626906356,8.81053434931002,0,6.89,0,8.81053434931002,6.89,NA,NA,NA,NA
"348","Tastsquan Community Watershed","Tastsquan Creek","DESIGNATED","GW","EMERGENCY BACKUP",NA,"NOT SPECIFIED",NA,2794.44941709084,223.049484993175,49,7.98,1.75,174.049484993175,6.23,NA,NA,NA,NA
"349","Juniper Community Watershed","Juniper Creek","DESIGNATED","SW","FUTURE SOURCE",NA,NA,NA,7530.87581644428,480.910950702679,285.910950702677,6.39,3.8,195.000000000002,2.59,NA,NA,NA,NA
"350","Hatchery Community Watershed","Hatchery Creek (South Outlet)","DESIGNATED - REVIEW","SW","PRIMARY","unknown","NOT SPECIFIED",NA,3289.30331457956,709.60176997977,118.529939033453,21.57,3.6,591.071830946317,17.97,NA,NA,NA,NA
"351","Nemaia Community Watershed","Nemaia Creek","DESIGNATED - REVIEW","GW","OTHER SOURCE","NONE","WELL",NA,25526.963120475,3168.81375739113,1725.00838791813,12.41,6.76,1443.805369473,5.66,NA,NA,NA,NA
"352","Meares Community Watershed","Meares Creek","DESIGNATED","SW","PRIMARY","Disinfection","WELL","Water quantity",133.484888030419,82.1734434453395,0,61.56,0,82.1734434453395,61.56,NA,NA,NA,NA
"353","Cold Spring Community Watershed","Cold Spring Creek","DESIGNATED","SW & GW (GUDI)","PRIMARY","Disinfection x2","INTAKE","Water quantity, debris/slides",975.189020787745,15,11,1.54,1.13,4,0.41,NA,NA,NA,NA
"354","Mark Community Watershed","Mark Creek","DESIGNATED","SW","PRIMARY","Disinfection","INTAKE","Recreation",11201.084925126,1590.05974177401,835.23193725334,14.2,7.46,754.827804520672,6.74,"Kimberley",6976,NA,NA
"355","Cannell Lake Community Watershed","Cannell Lake","DESIGNATED","SW & GW","PRIMARY","Disinfection x2","TREATMENT FACILITY",NA,201.22475138124,0,0,0,0,0,0,NA,NA,NA,NA
"356","South Nanaimo Community Watershed","South Nanaimo River","DESIGNATED","SW","PRIMARY","Disinfection & filtration","INTAKE","Recreation (OHV use), turbidity",20553.1782736834,221.989059604828,208.223080933762,1.08,1.01,13.7659786710653,0.07,NA,NA,NA,NA
"357","West Little Sheep Community Watershed","West Little Sheep Creek","DESIGNATED - REVIEW","Unknown","OTHER SOURCE",NA,NA,NA,422.826472662804,6.99532097024731,5.99532097024731,1.65,1.42,1,0.24,NA,NA,NA,NA
"358","Edna Community Watershed","Edna Brook","DESIGNATED","SW","PRIMARY",NA,"NOT SPECIFIED",NA,14.9710623874832,0,0,0,0,0,0,NA,NA,NA,NA
"359","Russell Community Watershed","Russell Creek","DESIGNATED","SW","PRIMARY",NA,"NOT SPECIFIED",NA,2350.16435036309,101,14,4.3,0.6,87,3.7,NA,NA,NA,NA
"360","Catiline Community Watershed","Catiline Creek","DESIGNATED - REVIEW","SW (other CW)","OTHER SOURCE",NA,NA,NA,330.169115312457,0,0,0,0,0,0,NA,NA,NA,NA
"361","Martinson Community Watershed","Martinson Creek","DESIGNATED","SW","PRIMARY","None","NO TREATMENT",NA,322.317023349492,0,0,0,0,0,0,NA,NA,NA,NA
"362","Aylard Community Watershed","Aylard Creek","DESIGNATED","SW","PRIMARY","NONE","NO TREATMENT","Debris/slides, bacteria",3.90354699999914,0,0,0,0,0,0,NA,NA,NA,NA
"363","Cameron Community Watershed","Cameron Brook","DESIGNATED","SW","PRIMARY",NA,"NOT SPECIFIED",NA,88.8837383874966,0,0,0,0,0,0,NA,NA,NA,NA
"364","Urmston Community Watershed","Urmston Creek","DESIGNATED","SW","PRIMARY",NA,"NOT SPECIFIED",NA,688.164664093567,0,0,0,0,0,0,NA,NA,NA,NA
"365","Duck Community Watershed","Duck Creek","DESIGNATED","SW","YES",NA,NA,NA,5195.92460169418,391.799622257515,81.1316247687772,7.54,1.56,310.667997488738,5.98,NA,NA,NA,NA
"366","Mcgregor Community Watershed","McGregor Creek","DESIGNATED","SW","PRIMARY",NA,"NOT SPECIFIED",NA,383.694428418648,5,0,1.3,0,5,1.3,NA,NA,NA,NA
"367","Dickey Community Watershed","Dickey Creek","DESIGNATED","SW (other) & GW (GUDI) ","EMERGENCY BACKUP","Disinfection x2 & Filtration","TREATMENT FACILITY","Forest fire",1485.12185541862,134.969976371377,51.7347372932375,9.09,3.48,83.23523907814,5.6,NA,NA,NA,NA
"368","White Cliff Community Watershed","White Cliff Gulch","DESIGNATED","SW","PRIMARY","Disinfection & filtration","TREATMENT FACILITY",NA,223.567275450052,18.5629635112542,0,8.3,0,18.5629635112542,8.3,NA,NA,NA,NA
"369","Gordon Community Watershed","Gordon Creek","DESIGNATED","SW","PRIMARY","Disinfection & filtration","TREATMENT FACILITY",NA,2013.08839356875,290.533713742242,111.684053567763,14.43,5.55,178.849660174479,8.88,NA,NA,NA,NA
"370","Bass Community Watershed","Bass Creek","DESIGNATED","SW","PRIMARY","Disinfection & filtration","TREATMENT FACILITY","Forestry, water quantity",258.33410543745,14,0,5.42,0,14,5.42,NA,NA,NA,NA
"371","Boardman Community Watershed","Boardman Creek","DESIGNATED","GW","OTHER SOURCE","Disinfection","WELL",NA,215.142765150017,19.1093653018766,15.539851399406,8.88,7.22,3.56951390247066,1.66,NA,NA,NA,NA
"372","Swift Community Watershed","Swift Creek","DESIGNATED","SW","PRIMARY","Disinfection x2 & filtration","TREATMENT FACILITY","Turbidity",13231.7619645986,614.58893968152,277.602922263346,4.64,2.1,336.986017418174,2.55,NA,NA,NA,NA
"373","Lockhart Community Watershed","Lockhart Creek","DESIGNATED","GW (GUDI)","PRIMARY - GUDI in CW","Unknown","WELL",NA,3735.30654773173,127.043151687949,127.043151687924,3.4,3.4,2.47695197685971e-11,0,NA,NA,NA,NA
"374","Seymour Community Watershed","Seymour River","DESIGNATED","SW","PRIMARY","Disinfection & filtration","TREATMENT FACILITY",NA,15014.3032956502,7058.44230007654,203.606752350832,47.01,1.36,6854.83554772571,45.66,NA,NA,NA,NA
"375","Fircom Community Watershed","Fircom Creek","DESIGNATED","SW","PRIMARY","Disinfection & filtration","TREATMENT FACILITY",NA,100.532858375014,0,0,0,0,0,0,NA,NA,NA,NA
"376","Arrow Community Watershed","Arrow Creek","DESIGNATED","SW","PRIMARY","Disinfection","TREATMENT FACILITY",NA,7872.16539481361,809.834481525483,566.959836366369,10.29,7.2,242.874645159114,3.09,NA,NA,NA,NA
"377","Blackcomb Community Watershed","Blackcomb Creek","DESIGNATED","SW (other CW)","EMERGENCY BACKUP",NA,NA,NA,914.59613536224,59.6017909012764,1.03890160470773,6.52,0.11,58.5628892965687,6.4,NA,NA,NA,NA
"378","Maid Community Watershed","Maid Creek","DESIGNATED - REVIEW","SW","IRRIGATION","NONE","NO TREATMENT","Water quantity, gravel pit",486.292613087469,27,24,5.55,4.94,3,0.62,NA,NA,NA,NA
"379","Forster Community Watershed","Forster Creek","DESIGNATED","SW","PRIMARY",NA,"NOT SPECIFIED",NA,16616.3541798495,1394.48011494722,572.895298701689,8.39,3.45,821.584816245528,4.94,NA,NA,NA,NA
"380","Shawatlan Woodworth Community Watershed","Shawatlan River","DESIGNATED","SW","PRIMARY","Disinfection","INTAKE",NA,2487.82496259261,597.531142110769,596.378313834535,24.02,23.97,1.15282827623321,0.05,NA,NA,NA,NA
"381","Deep Community Watershed","Deep Creek","DESIGNATED","GW & SW","SECONDARY","Disinfection","TREATMENT FACILITY","Water quantity, turbidity",1382.11550918129,668.481034798227,321.996811939716,48.37,23.3,346.484222858511,25.07,NA,NA,NA,NA
"382","South Blunt Community Watershed","South Blunt Creek","DESIGNATED","SW","PRIMARY","Disinfection & filtration","TREATMENT FACILITY","Forestry, water quantity, turbidity, mining",70.703127299992,0,0,0,0,0,0,NA,NA,NA,NA
"383","Schkam Lake Community Watershed","Schkam Lake","DESIGNATED","SW","PRIMARY",NA,"NOT SPECIFIED",NA,260.21320001255,5.58751677245796,0,2.15,0,5.58751677245796,2.15,NA,NA,NA,NA
"384","Sophy Community Watershed","Sophy Creek","DESIGNATED","GW (GUDI)","PRIMARY - GUDI in CW","NONE","NO TREATMENT",NA,890.233110944403,32.5946857388534,23,3.66,2.58,9.59468573885336,1.08,NA,NA,NA,NA
"385","Sikedakh Community Watershed","Sikedakh Creek","DESIGNATED","SW","PRIMARY",NA,"NOT SPECIFIED",NA,1111.10262030041,148.213850953261,70.9968057817102,13.34,6.39,77.2170451715504,6.95,NA,NA,NA,NA
"386","Glencairn Community Watershed","Glencairn Creek","DESIGNATED - REVIEW","GW","OTHER SOURCE","NONE","NO TREATMENT",NA,576.227592800036,3,3,0.52,0.52,0,0,NA,NA,NA,NA
"387","Twentyone Mile Community Watershed","Twentyone Mile Creek","DESIGNATED","SW","PRIMARY","Disinfection x2","INTAKE","Forestry, water quantity, recreation (camping)",2696.98163570668,375.78909419775,375.78909419775,13.93,13.93,0,0,NA,NA,NA,NA
"388","Stawamus Community Watershed",NA,"DESIGNATED","GW & SW","SECONDARY","Disinfection","INTAKE","Recreation, industry, wildlife",4014.82457328077,982.444615115896,371.814269329375,24.47,9.26,610.630345786521,15.21,NA,NA,NA,NA
"389","Kendry Community Watershed","Kendry Creek","DESIGNATED","GW & SW","SECONDARY","NONE","NO TREATMENT",NA,429.515881106149,15,0,3.49,0,15,3.49,NA,NA,NA,NA
"390","Sliammon Lake Community Watershed","Sliammon Lake","DESIGNATED","SW","PRIMARY",NA,"NOT SPECIFIED",NA,4431.27351635669,307.656125337525,216.589337588112,6.94,4.89,91.0667877494128,2.06,NA,NA,NA,NA
"391","Brash Community Watershed","Brash Creek","DESIGNATED - REVIEW","SW (other) & GW","OTHER SOURCE",NA,NA,"Debris/slides",3092.9671511867,225.092556882784,55,7.28,1.78,170.092556882784,5.5,NA,NA,NA,NA
"392","Trepanier Community Watershed","Trepanier Creek","DESIGNATED","SW","PRIMARY","Disinfection & basic filtration","INTAKE","ATV Use, forestry, turbidity, highway, urban and rural development, mining",23436.7483198244,2440.90086034109,1038.41214139827,10.41,4.43,1402.48871894282,5.98,NA,NA,NA,NA
"393","Shawnigan Community Watershed","Shawnigan Creek","DESIGNATED","GW & SW","EMERGENCY BACKUP/IRRIGATION/FUTURE USE","Disinfection & Iron/Manganese",NA,"Farms, urban and rural development",11089.1353571953,1.10000553064309,0,0.01,0,1.10000553064309,0.01,NA,NA,NA,NA
"394","Glade Community Watershed","Glade Creek","DESIGNATED","SW","PRIMARY","Disinfection","INTAKE","Turbidity",2979.360128838,124,55,4.16,1.85,69,2.32,NA,NA,NA,NA
"395","Keremeos Community Watershed","Keremeos Creek","DESIGNATED","SW","PRIMARY",NA,"NOT SPECIFIED",NA,121.124575737506,20.1329385409236,0,16.62,0,20.1329385409236,16.62,NA,NA,NA,NA
"396","Mcneill Lake Community Watershed","Haslam Creek","DESIGNATED","SW","PRIMARY","Disinfection","TREATMENT FACILITY","Not specified",1528.79638302507,76.485097037673,40.9100108446766,5,2.68,35.5750861929964,2.33,NA,NA,NA,NA
"397","Helena Community Watershed","Helena Creek","DESIGNATED - REVIEW","GW & SW","EMERGENCY BACKUP/IRRIGATION/FIREFIGHTING","NONE","NO TREATMENT",NA,578.798643000038,4,0,0.69,0,4,0.69,NA,NA,NA,NA
"398","Corya Community Watershed","Corya Creek","DESIGNATED","SW","PRIMARY",NA,"NOT SPECIFIED",NA,6184.11349586281,518.277180274066,412,8.38,6.66,106.277180274066,1.72,NA,NA,NA,NA
"399","Doyle Community Watershed","Doyle Brook","DESIGNATED - REVIEW","SW","IRRIGATION","NONE","NO TREATMENT","Forestry roads",3.54957116250433,0,0,0,0,0,0,"Tsawwassen",NA,NA,NA
"400","Swayne Community Watershed","Swayne Brook","DESIGNATED","SW","PRIMARY","Disinfection x2","TREATMENT FACILITY","Forestry, range use, recreation, urban and rural development, highway",12.2725817312434,0,0,0,0,0,0,NA,NA,NA,NA
"401","Fruitvale Community Watershed","Fruitvale Creek","DESIGNATED - REVIEW","Unknown","OTHER SOURCE",NA,"NOT SPECIFIED",NA,506.497666162792,0,0,0,0,0,0,NA,NA,NA,NA
"402","Overton Community Watershed","Overton Creek","DESIGNATED","Unknown","EMERGENCY BACKUP",NA,"NO TREATMENT",NA,371.86265993128,0,0,0,0,0,0,NA,NA,NA,NA
"403","Gold Community Watershed","Gold Creek","DESIGNATED","SW","PRIMARY","Disinfection","INTAKE","Range use, water quantity",9326.15403983663,1704.75935657256,410.963948620789,18.28,4.41,1293.79540795177,13.87,NA,NA,NA,NA
"404","Fairy Community Watershed","Fairy Creek","DESIGNATED","GW (GUDI)","PRIMARY - GUDI in CW","Disinfection","TREATMENT FACILITY","Turbidity",2369.53274742502,0,0,0,0,0,0,NA,NA,NA,NA
"405","Dakota Community Watershed","Dakota Creek","DESIGNATED","Unknown","EMERGENCY BACKUP","NONE","NO TREATMENT",NA,3242.45607845056,438.305211235076,161.765347902068,13.52,4.99,276.539863333008,8.53,NA,NA,NA,NA
"406","Penticton Community Watershed","Penticton Creek","DESIGNATED","SW","PRIMARY","Disinfection & filtration","TREATMENT FACILITY","Range use, access roads",17391.4804420238,1674.7395575692,461.129022513786,9.63,2.65,1213.61053505542,6.98,"Penticton",32542,NA,NA
"407","Haslam/Lang Community Watershed","Lang Creek","DESIGNATED","SW","PRIMARY","Disinfection","TREATMENT FACILITY","Turbidity, municipal weir upstream",13074.3600891182,131.940453770701,95.8114154315004,1.01,0.73,36.1290383392004,0.28,NA,NA,NA,NA
"408","Puntledge Community Watershed","Puntledge River","DESIGNATED","SW","PRIMARY","Disinfection","INTAKE","Forestry, turbidity",58590.5250748825,2240.55221996907,2231.56884256877,3.82,3.81,8.98337740030229,0.02,"Puntledge",NA,NA,NA
"409","Hadley Community Watershed","Hadley Creek","DESIGNATED","SW","PRIMARY",NA,"NOT SPECIFIED",NA,116.10587480002,0,0,0,0,0,0,NA,NA,NA,NA
"410","Mcintyre Community Watershed","McIntyre Brook","DESIGNATED","SW","PRIMARY","Disinfection & filtration","TREATMENT FACILITY",NA,20.3956229062474,0,0,0,0,0,0,NA,NA,NA,NA
"411","Meade Community Watershed","Meade Brook","DESIGNATED - REVIEW","ABANDONED","ABANDONED","NONE","NO TREATMENT",NA,6.35603604372554,0,0,0,0,0,0,NA,NA,NA,NA
"412","Ram Community Watershed","Ram Brook","DESIGNATED - REVIEW","SW","PRIMARY","NONE","NO TREATMENT","Forestry",7.45948924378092,0,0,0,0,0,0,NA,NA,NA,NA
"413","Ascaphus Community Watershed","Ascaphus Creek","DESIGNATED","GW","EMERGENCY BACKUP",NA,NA,NA,148.844200518764,0,0,0,0,0,0,NA,NA,NA,NA
"414","Number One Community Watershed","Number One Creek","DESIGNATED","SW","PRIMARY","Disinfection","WELL","Water quantity",33.2142951242906,26.0799412537312,0,78.52,0,26.0799412537312,78.52,NA,NA,NA,NA
"415","Rose Valley Community Watershed","Rose Valley Lake","DESIGNATED","SW","PRIMARY","Disinfection","INTAKE","Forestry, range use, recreation (OHV use)",944.148888525425,0,0,0,0,0,0,NA,NA,NA,NA
"416","Miller Creek Community Watershed","Miller Creek","DESIGNATED","SW","PRIMARY","NONE","NO TREATMENT",NA,730.536451375049,111.300538570587,32,15.24,4.38,79.3005385705873,10.86,NA,NA,NA,NA
"417","Reserve Community Watershed","Reserve Creek","DESIGNATED - REVIEW","GW","OTHER SOURCE","Disinfection","TREATMENT FACILITY",NA,1077.40817448749,79.6521199714937,40.7964656307921,7.39,3.79,38.8556543407016,3.61,NA,NA,NA,NA
"418","Longueval Community Watershed","Longueval Creek","DESIGNATED","SW","PRIMARY","Disinfection & basic filtration","POE/POU","Water quantity, turbidity",3.89856993124075,0,0,0,0,0,0,NA,NA,NA,NA
"419","La France Community Watershed","La France Creek","DESIGNATED","GW (GUDI)","PRIMARY - GUDI in CW","Disinfection x2 & filtration","TREATMENT FACILITY",NA,5583.56085764995,308.892823105098,295.892823105098,5.53,5.3,13,0.23,NA,NA,NA,NA
"420","Retasket Community Watershed","Grafton Creek","DESIGNATED","SW","PRIMARY","Disinfection & filtration","INTAKE","Forestry",3.71808252499849,0,0,0,0,0,0,NA,NA,NA,NA
"421","Alocin Community Watershed","Alocin Creek","DESIGNATED","SW","PRIMARY","Disinfection & filtration","INTAKE",NA,387.536493518876,36.3435560303603,5.76999122001641,9.38,1.49,30.5735648103439,7.89,NA,NA,NA,NA
"422","Silver Community Watershed","Silver Creek","DESIGNATED","SW","PRIMARY","NONE","NO TREATMENT","Range use, turbidity",1739.33272655626,82.6184204002008,39,4.75,2.24,43.6184204002008,2.51,NA,NA,NA,NA
"423","Gander Community Watershed","Gander Creek","DESIGNATED","SW","PRIMARY",NA,"NOT SPECIFIED",NA,830.146245775158,13.0281154331643,1.20450689868405,1.57,0.15,11.8236085344803,1.42,NA,NA,NA,NA
"424","Macsween Community Watershed","MacSween Creek","DESIGNATED - REVIEW","Unknown","ABANDONED",NA,"NOT SPECIFIED",NA,371.200670881092,179.713502545337,179.713502545311,48.41,48.41,2.59774424193893e-11,0,NA,NA,NA,NA
"425","Choate Community Watershed","Choate Creek","DESIGNATED","SW","PRIMARY","NONE","NO TREATMENT","Forestry",34.5901404124975,0,0,0,0,0,0,NA,NA,NA,NA
"426","Watts Community Watershed","Watts Brook","DESIGNATED","SW","PRIMARY","Disinfection x2 & filtration","TREATMENT FACILITY","Water quantity",31.8578874686036,3.03168337198384,0,9.52,0,3.03168337198384,9.52,NA,NA,NA,NA
"427","The Rivulet Community Watershed","The Rivulet","DESIGNATED","SW","PRIMARY",NA,"NOT SPECIFIED",NA,10.3836088125177,0,0,0,0,0,0,NA,NA,NA,NA
"428","Kenworthy Community Watershed","Kenworthy Creek","DESIGNATED","SW","PRIMARY","Filtration","POE/POU","Forestry",298.611346568656,0,0,0,0,0,0,NA,NA,NA,NA
"429","Mineral Community Watershed","Mineral Creek","DESIGNATED","GW (GUDI)","PRIMARY - GUDI in CW","Disinfection x2","TREATMENT FACILITY","Recreation (dog walking, OHV use), mining, dam failures",144.238315668773,67.2139015111447,9.97594064396769,46.6,6.92,57.2379608671771,39.68,NA,NA,NA,NA
"430","Procter Community Watershed","Procter Creek","DESIGNATED","SW","PRIMARY","Disinfection & filtration","POE/POU","Water quantity, upstream users",825.16458024988,109.61623519028,89.1083028277159,13.28,10.8,20.5079323625637,2.49,NA,NA,NA,NA
"431","Sitkum Community Watershed","Sitkum Creek","DESIGNATED","SW","PRIMARY","Disinfection & filtration","INTAKE","Forestry, forest fire ",2702.79052644323,62.3028899968982,0,2.31,0,62.3028899968982,2.31,NA,NA,NA,NA
"432","Milne Community Watershed","Milne Creek","DESIGNATED","SW (other)","EMERGENCY BACKUP","Disinfection & filtration","TREATMENT FACILITY",NA,435.05979633123,0,0,0,0,0,0,NA,NA,NA,NA
"433","Spruce Community Watershed","Spruce Creek","DESIGNATED","GW","EMERGENCY BACKUP","Maintenance only",NA,"Water quantity",3852.55067731252,235.294142146671,96,6.11,2.49,139.294142146671,3.62,NA,NA,NA,NA
"434","Greer Community Watershed","Greer Brook","DESIGNATED - REVIEW","GW","OTHER SOURCE","Disinfection","WELL",NA,18.0952510749877,0,0,0,0,0,0,NA,NA,NA,NA
"435","Smallwood Community Watershed","Smallwood Creek","DESIGNATED","SW","PRIMARY","Disinfection","INTAKE","Forestry, turbidity",1784.005613522,309.036507885026,237,17.32,13.28,72.0365078850264,4.04,NA,NA,NA,NA
"436","Falls Community Watershed","Falls Creek","DESIGNATED","SW","PRIMARY","Disinfection","INTAKE","Forestry, water quantity, turbidity",3370.86108619433,329.485130587607,47,9.77,1.39,282.485130587607,8.38,NA,NA,NA,NA
"437","Smoky Community Watershed","Smoky Creek","DESIGNATED","SW","PRIMARY","Disinfection x2 & filtration","TREATMENT FACILITY",NA,429.788540711928,33.1429590566516,0,7.71,0,33.1429590566516,7.71,NA,NA,NA,NA
"438","Kwakiutl Community Watershed","Kwakiutl Creek","DESIGNATED","SW","PRIMARY",NA,"NOT SPECIFIED",NA,227.258198235969,52.318141521661,0,23.02,0,52.318141521661,23.02,NA,NA,NA,NA
"439","Sugsaw Lake Community Watershed","Sugsaw Lake","DESIGNATED","SW","PRIMARY","Disinfection","WELL","Organics/THMs",635.020663462609,10.1989782202963,0,1.61,0,10.1989782202963,1.61,NA,NA,NA,NA
"440","Brew Community Watershed","Brew Creek","DESIGNATED","GW (GUDI) & SW (other)","PRIMARY - GUDI in CW","Disinfection x2","TREATMENT FACILITY","Water quantity",1406.56275499339,89.0546158648868,0.0546158648868091,6.33,0,89,6.33,NA,NA,NA,NA
"441","Tsulquate Community Watershed","Tsulquate River","DESIGNATED","SW","PRIMARY","Filtration & DAF","TREATMENT FACILITY","Access roads",4475.58203080282,1041.31669134616,246.362976134402,23.27,5.5,794.95371521176,17.76,NA,NA,NA,NA
"442","Bowyer Community Watershed","Bowyer Brook","DESIGNATED","SW","PRIMARY",NA,"NOT SPECIFIED",NA,3.86490940625221,0,0,0,0,0,0,NA,NA,NA,NA
"443","Hobson Community Watershed","Hobson Creek","DESIGNATED","SW","PRIMARY","Disinfection & filtration","TREATMENT FACILITY",NA,322.633105512325,0,0,0,0,0,0,NA,NA,NA,NA
"444","Five Mile Community Watershed","Five Mile Creek","DESIGNATED","SW","PRIMARY","Disinfection & filtration","TREATMENT FACILITY","Turbidity",4705.09473839949,43.0352929492712,43.0352929492712,0.91,0.91,0,0,NA,NA,NA,NA
"445","Bell Community Watershed","Bell Creek","DESIGNATED","SW","PRIMARY","Disinfection","WELL",NA,344.493481193783,86.5880751897188,45.6008334564932,25.13,13.24,40.9872417332256,11.9,NA,NA,NA,NA
"446","Russell Community Watershed","Russell Creek","DESIGNATED","SW & GW","PRIMARY","Disinfection x2","INTAKE",NA,1768.70977812551,66.410380114116,14,3.75,0.79,52.410380114116,2.96,NA,NA,NA,NA
"447","West Lake Community Watershed","West Lake","DESIGNATED","SW","PRIMARY",NA,"NOT SPECIFIED",NA,1804.52344287525,44,42,2.44,2.33,2,0.11,NA,NA,NA,NA
"448","Magnesia Community Watershed","Magnesia Creek","DESIGNATED","SW","PRIMARY","Disinfection x2","TREATMENT FACILITY","Debris/slides",421.58689443124,53.8675075563065,9.86728531904933,12.78,2.34,44.0002222372571,10.44,"Lions Bay",1498,NA,NA
"449","Honeymoon Community Watershed","Honeymoon Creek","DESIGNATED","SW","PRIMARY",NA,"NOT SPECIFIED",NA,56.0384680749786,0,0,0,0,0,0,NA,NA,NA,NA
"450","Grafton Creek Community Watershed","Grafton Creek","DESIGNATED","SW","PRIMARY",NA,"NOT SPECIFIED",NA,50.0707032937624,1.5178804238271,1.39477141102999,3.03,2.79,0.123109012797102,0.25,NA,NA,NA,NA
"451","Naramata Community Watershed","Naramata Creek","DESIGNATED","SW (other)","EMERGENCY BACKUP","Disinfection x2","TREATMENT FACILITY",NA,3386.62412124995,501.770270662874,229.911850955374,14.82,6.79,271.8584197075,8.03,"Naramata",NA,NA,NA
"452","Gladwin Community Watershed","Gladwin Creek","DESIGNATED - REVIEW","SW (other CW)","OTHER SOURCE","Unknown","NOT SPECIFIED",NA,939.269733031004,157.721089327907,54.2000848413505,16.79,5.77,103.521004486556,11.02,NA,NA,NA,NA
"453","Mcfayden Community Watershed","McFayden Creek","DESIGNATED","SW","PRIMARY","Various (POE/POU)","POE/POU","Water quantity, IPPs",582.256425749933,35.6659030809374,28.0967982570959,6.13,4.83,7.56910482384148,1.3,NA,NA,NA,NA
"454","Carkner Community Watershed","Carkner Brook","DESIGNATED","GW & SW","SECONDARY","Disinfection","TREATMENT FACILITY",NA,24.7472007687535,0,0,0,0,0,0,NA,NA,NA,NA
"455","Powers Community Watershed","Powers Creek","DESIGNATED","SW","PRIMARY","Disinfection & filtration","INTAKE","Forestry, range use, recreation (OHV use)",13596.2643269711,1435.51516003587,220.932358719967,10.56,1.62,1214.5828013159,8.93,"Kelowna",100433,NA,NA
"456","Fin Community Watershed","Fin Creek","DESIGNATED","GW","EMERGENCY BACKUP",NA,NA,NA,82.4379638687553,0,0,0,0,0,0,NA,NA,NA,NA
"457","Sproat Community Watershed","Sproat River","DESIGNATED","SW","PRIMARY","Disinfection","POE/POU","Not specified",35247.7925548891,7008.01525586631,1743.9604914927,19.88,4.95,5264.05476437361,14.93,NA,NA,NA,NA
"458","Bjerkness Community Watershed","Bjerkness Creek","DESIGNATED","SW","PRIMARY","Various (POE/POU)","POE/POU","Farms, septics, turbidity",2499.33887069961,475.910760190373,63,19.04,2.52,412.910760190373,16.52,NA,NA,NA,NA
"459","Cousteau Community Watershed","Cousteau Creek","DESIGNATED","SW","PRIMARY",NA,"NOT SPECIFIED",NA,149.479156031213,26.827276888093,0,17.95,0,26.827276888093,17.95,NA,NA,NA,NA
"460","Avola Community Watershed","Avola Creek","DESIGNATED","SW & GW","PRIMARY",NA,"NOT SPECIFIED",NA,306.993572012591,43.7106209525569,43.7106209525524,14.24,14.24,4.46931380793103e-12,0,NA,NA,NA,NA
"461","Dunville Community Watershed","Dunville Creek","DESIGNATED","GW","EMERGENCY BACKUP","Disinfection","WELL","Forestry",557.861983449951,214.748122247062,182.495644259565,38.49,32.71,32.2524779874967,5.78,NA,NA,NA,NA
"462","Laurena Community Watershed","Laurena Creek","DESIGNATED","SW","PRIMARY",NA,"NOT SPECIFIED",NA,13.0976877187502,0,0,0,0,0,0,NA,NA,NA,NA
"463","French Community Watershed","French Creek","DESIGNATED","GW","EMERGENCY BACKUP","Disinfection & Iron/Manganese","TREATMENT FACILITY",NA,6647.80884225202,0,0,0,0,0,0,"Parksville",10613,NA,NA
"464","Gambier Community Watershed","Gambier Creek","DESIGNATED - REVIEW","ABANDONED","ABANDONED","NONE","NO TREATMENT",NA,703.013674868671,112.314841977226,11.7714318080662,15.98,1.67,100.54341016916,14.3,NA,NA,NA,NA
"465","Rogowski Community Watershed","Rogowski Creek","DESIGNATED - REVIEW","GW","OTHER SOURCE","Disinfection",NA,NA,114.463501387453,2.36023378454419,2.36023378454419,2.06,2.06,0,0,NA,NA,NA,NA
"466","Cold Community Watershed","Cold Creek","DESIGNATED","SW","PRIMARY","Disinfection","TREATMENT FACILITY",NA,443.420375881257,0,0,0,0,0,0,NA,NA,NA,NA
